new_bvd_id,original,name_for_match,doc_std_name_id,doc_std_name,match_type,country,n_patent,status
HK0000120422,Computime Group Limited,COMPUTIME,175388,COMPUTIME LTD,magerman|like_ctry,HK,81,Y
HK20068FH,Techtronic Industries Company Limited,TECHTRONIC,15634,TECHTRONIC IND CO LTD,magerman|like_ctry,HK,754,Y
HK20068FH,Techtronic Industries Company Limited,TECHTRONIC,16876410,TECHTRONIC IND COL LTD,magerman|like_ctry,HK,1,Y
HK30105FH,Lenovo Group Limited,LENOVO,22141372,LENOVO INNOVATIONS LTD HONG KONG,magerman|like_ctry,HK,201,Y
HK30105FH,Lenovo Group Limited,LENOVO,22166002,LENOVO GROUP LTD,magerman|like_ctry,HK,20,Y
HK30105FH,Lenovo Group Limited,LENOVO,22665143,LENOVO INNOVATIONS LTD,magerman|like_ctry,HK,6,Y
IN40003FI,Alembic Pharmaceuticals Limited,ALEMBIC PHARMACEUTICALS,1919161,ALEMBIC PHARMACEUTICALS LTD,magerman|like_ctry,IN,132,Y
IN111231FI,Alkem Laboratories Ltd.,ALKEM LAB,1891500,ALKEM LAB LTD,patstat_std|like_ctry,IN,77,Y
IN111231FI,Alkem Laboratories Ltd.,ALKEM LABORATORIES,23638055,ALKEM LABORATORIES LTD,magerman|like_ctry,IN,2,Y
IN30436FI,Aurobindo Pharma Limited,AUROBINDO PHARMA,36055,AUROBINDO PHARMA LTD,magerman|like_ctry,IN,303,Y
IN30436FI,Aurobindo Pharma Limited,AUROBINDO,110881874,Aurobindo Pharma Ltd.,manual2|like_ctry,IN,2,Y
IN30436FI,Aurobindo Pharma Limited,AUROBINDO,6911253,AUROBINDO PHARMACEUTICAL CO LT,manual2|like_ctry,IN,2,Y
IN0001341603,Avesthagen Limited,AVESTHAGEN,13688124,AVESTHAGEN LIMTED,magerman|like_ctry,IN,9,Y
IN0001341603,Avesthagen Limited,AVESTHAGEN,185896,AVESTHAGEN LTD,magerman|like_ctry,IN,138,Y
IN30531FI,Bharat Electronics Limited,BHARAT ELECTRONICS,4615470,BHARAT ELECTRONICS LTD,magerman|like_ctry,IN,3,Y
IN30216FI,Bharat Heavy Electricals Limited,BHARAT HEAVY ELECTRICALS,421493,BHARAT HEAVY ELECTRICALS,magerman|exact,IN,288,Y
IN30216FI,Bharat Heavy Electricals Limited,BHARAT HEAVY ELECTRICALS,1010994,BHARAT HEAVY ELECTRICALS LILMI,magerman|like_ctry,IN,2,Y
IN30909FI,Biocon Limited,BIOCON,106592886,Biocon Limited,magerman|like_ctry,IN,1,Y
IN30909FI,Biocon Limited,BIOCON,66886,BIOCON LTD,magerman|like_ctry,IN,837,Y
IN30909FI,Biocon Limited,BIOCON,19044338,BIOCON RES LTD,magerman|like_ctry,IN,17,Y
IN30527FI,Cadila Healthcare Limited,CADILA HEALTHCARE,23432641,CADILA HEALTHCARE LIIMITED,magerman|like_ctry,IN,1,Y
IN30527FI,Cadila Healthcare Limited,CADILA HEALTHCARE,52937,CADILA HEALTHCARE LTD,magerman|like_ctry,IN,1604,Y
IN30327FI,Cipla Ltd,CIPLA,22231828,CIPLA HOUSE,magerman|like_ctry,IN,6,Y
IN30327FI,Cipla Ltd,CIPLA,97854,CIPLA LTD,magerman|like_ctry,IN,2004,Y
IN31120FI,Core Education & Technologies Limited,CORE PROJECTS & TECHNOLOGIES,18425252,CORE PROJECTS & TECHNOLOGIES LTD,manual|like_ctry,IN,2,Y
IN30131FI,DR Reddy's Laboratories Limited,DR REDDY'S LABORATORIES,23664950,DR REDDY'S LABORATORIES LTD,magerman|like_ctry,IN,25,Y
IN30427FI,Essel Propack Ltd,ESSEL PROPACK,2129664,ESSEL PROPACK LTD,magerman|like_ctry,IN,105,Y
IN30481FI,Glenmark Pharmaceuticals Ltd,GLENMARK PHARMACEUTICALS,111740170,GLENMARK PHARMACEUTICALS LIMITED,magerman|like_ctry,IN,2,Y
IN30481FI,Glenmark Pharmaceuticals Ltd,GLENMARK PHARMACEUTICALS,169904,GLENMARK PHARMACEUTICALS LTD,magerman|like_ctry,IN,391,Y
IN30481FI,Glenmark Pharmaceuticals Ltd,GLENMARK PHARMACEUTICALS,21828830,GLENMARK PHARMACEUTICALS LTD ,,,??,Y
IN30691FI,HCL Technologies Limited,HCL TECH,23500046,HCL TECH LTD,patstat_std|like_ctry,IN,16,Y
IN30691FI,HCL Technologies Limited,HCL TECHNOLOGIES,23209682,HCL TECHNOLOGIES,magerman|exact,IN,1,Y
IN30691FI,HCL Technologies Limited,HCL TECHNOLOGIES,4443644,HCL TECHNOLOGIES LTD,magerman|like_ctry,IN,167,Y
IN0000218185,Hetero Drugs Limited,HETERO DRUGS,5243074,HETERO DRUGS LIMITD,magerman|like_ctry,IN,2,Y
IN0000218185,Hetero Drugs Limited,HETERO,46670,HETERO DRUGS LTD,manual|like_ctry,IN,329,Y
IN0000218185,Hetero Drugs Limited,HETERO,23502445,HETERO RES FOUND,manual|like_ctry,IN,18,Y
IN0000218185,Hetero Drugs Limited,HETERO,4370512,HETERO RES FOUNDATION HETERO DRUGS LTD,manual|like_ctry,IN,3,Y
IN0000218185,Hetero Drugs Limited,HETERO,1891436,HETERO RESEARCH FOUNDATION,manual|like_ctry,IN,410,Y
IN30017FI,Hindalco Industries Limited,HINDALCO,2106862,HINDALCO IND LTD,magerman|like_ctry,IN,30,Y
IN30417FI,Indian Oil Corporation Limited,INDIAN OIL,3284120,INDIAN OIL COMPANY LTD,magerman|like_ctry,IN,2,Y
IN30417FI,Indian Oil Corporation Limited,INDIAN OIL,3530368,INDIAN OIL CORP,magerman|like_ctry,IN,5,Y
IN30417FI,Indian Oil Corporation Limited,INDIAN OIL,344590,INDIAN OIL CORP LTD,magerman|like_ctry,IN,483,Y
IN30417FI,Indian Oil Corporation Limited,INDIAN OIL,110068610,"Indian Oil Corporation, Limited",magerman|like_ctry,IN,1,Y
IN30417FI,Indian Oil Corporation Limited,INDIAN OIL,13676028,INDIAN OIL CORPORTION LTD,magerman|like_ctry,IN,1,Y
IN0003811067,Ineda Systems Private Limited,INEDA SYSTEMS,18686810,INEDA SYSTEMS PVT LTD,manual|like_ctry,IN,69,Y
IN30143FI,Infosys Limited,INFOSYS,2100371,INFOSYS LTD,magerman|like_ctry,IN,927,Y
IN30143FI,Infosys Limited,INFOSYS,23890631,INFOSYS TECH LTD,magerman|like_ctry,IN,2,Y
IN30143FI,Infosys Limited,INFOSYS,3487790,INFOSYS TECHNOLOGIES INC,magerman|like_ctry,IN,2,Y
IN30143FI,Infosys Limited,INFOSYS,2183545,INFOSYS TECHNOLOGIES LTD,magerman|like_ctry,IN,78,Y
IN30143FI,Infosys Limited,INFOSYS,108663728,Infosys Technolologies Ltd.,magerman|like_ctry,IN,2,Y
IN30821FI,Kpit Technologies Limited,KPIT TECH,23723286,KPIT TECH LTD,patstat_std|like_ctry,IN,8,Y
IN30821FI,Kpit Technologies Limited,KPIT TECHNOLOGIES,19484769,KPIT TECHNOLOGIES LTD,magerman|like_ctry,IN,55,Y
IN30054FI,Larsen & Toubro Limited,LARSEN & TOUBRO,1776940,LARSEN & TOUBRO LTD,magerman|like_ctry,IN,280,Y
IN30138FI,Lupin Limited,LUPIN,556079,LUPIN LAB LTD,magerman|like_ctry,IN,78,Y
IN30138FI,Lupin Limited,LUPIN,18156169,LUPIN LMD,magerman|like_ctry,IN,1,Y
IN30138FI,Lupin Limited,LUPIN,55356,LUPIN LTD,magerman|like_ctry,IN,1445,Y
IN30138FI,Lupin Limited,LUPIN,2233796,LUPIN LTD RES PARK,magerman|like_ctry,IN,4,Y
IN30138FI,Lupin Limited,LUPIN,5251011,LUPIN LTD RES PART,magerman|like_ctry,IN,5,Y
IN30073FI,Mahindra & Mahindra Limited,MAHINDRA & MAHINDRA,301781,MAHINDRA & MAHINDRA LTD,magerman|like_ctry,IN,136,Y
IN31512FI,Mindtree Limited,MINDTREE,4016136,MINDTREE CONSULTING LTD,magerman|like_ctry,IN,2,Y
IN31512FI,Mindtree Limited,MINDTREE,4016134,MINDTREE LTD,magerman|like_ctry,IN,6,Y
IN0012666609,MSN Laboratories Private Limited,MSN LAB PRIVATE,22201169,MSN LAB PRIVATE LTD,patstat_std|like_ctry,IN,61,Y
IN0012666609,MSN Laboratories Private Limited,MSN LABORATORIES,23749643,MSN LABORATORIES PRIVATE LTD,manual2|like_ctry,IN,29,Y
IN30930FI,Natco Pharma Limited,NATCO PHARMA,165294,NATCO PHARMA LTD,magerman|like_ctry,IN,432,Y
IN30833FI,Nucleus Software Exports Ltd,NUCLEUS SOFTWARE EXPORTS,23398059,NUCLEUS SOFTWARE EXPORTS LTD,magerman|like_ctry,IN,6,Y
IN30764FI,Oil & Natural GAS Corporation Limited,OIL & NATURAL GAS,23221381,OIL & NATURAL GAS CORP LTD,magerman|like_ctry,IN,1,Y
IN33590FI,Onmobile Global Ltd.,ONMOBILE,414040,ONMOBILE GLOBAL LTD,magerman|like_ctry,IN,103,Y
IN30649FI,Orchid Pharma Limited,ORCHID CHEMICALS,190723,ORCHID CHEMICALS & PHARM LTD,manual2|like_ctry,IN,489,Y
IN30649FI,Orchid Pharma Limited,ORCHID CHEMICALS,19044333,ORCHID CHEMICALS AND PHARAMCEUTICALS LTD,manual2|like_ctry,IN,4,Y
IN30649FI,Orchid Pharma Limited,ORCHID PHARMA,23839250,ORCHID PHARMA LTD,magerman|like_ctry,IN,2,Y
IN30661FI,Panacea Biotech Ltd,PANACEA BIOTECH,11675449,PANACEA BIOTECH,magerman|exact,IN,1,Y
IN30655FI,Polaris Consulting & Services Limited,POLARIS SOFTWARE LAB,2044525,POLARIS SOFTWARE LAB LTD,manual|like_ctry,IN,5,Y
IN30880FI,Pricol Limited,PRICOL,442253,PRICOL LTD,magerman|like_ctry,IN,76,Y
IN30074FI,Reliance Industries Limited,RELIANCE,860972,RELIANCE IND LTD,magerman|like_ctry,IN,915,Y
IN30074FI,Reliance Industries Limited,RELIANCE,22949719,RELIANCE JIO INFOCOMM LTD,magerman|like_ctry,IN,27,Y
IN30074FI,Reliance Industries Limited,RELIANCE,2472297,RELIANCE LIFE SCIENCE PVT LTD,magerman|like_ctry,IN,5,Y
IN30074FI,Reliance Industries Limited,RELIANCE,2740902,RELIANCE LIFE SCIENCES PRIVATE,magerman|like_ctry,IN,4,Y
IN30074FI,Reliance Industries Limited,RELIANCE,164401,RELIANCE LIFE SCIENCES PVT LTD,magerman|like_ctry,IN,386,Y
IN30074FI,Reliance Industries Limited,RELIANCE,110538219,Reliance Life Sciences PVT Ltd.,magerman|like_ctry,IN,2,Y
IN30074FI,Reliance Industries Limited,RELIANCE,109606674,Reliance Life Sciences Pvt. Ltd.,magerman|like_ctry,IN,1,Y
IN30074FI,Reliance Industries Limited,RELIANCE,110005707,Reliance Life Sciences Pvt. Ltd.,magerman|like_ctry,IN,2,Y
IN31594FI,Shilpa Medicare Ltd,SHILPA MEDICARE,133451,SHILPA MEDICARE LTD,magerman|like_ctry,IN,179,Y
IN30462FI,Sun Pharmaceutical Industries Limited,SUN PHARMACEUTICAL,146517,SUN PHARMACEUTICAL IND LTD,magerman|like_ctry,IN,662,Y
IN30861FI,Sundaram-Clayton Limited,SUNDARAM CLAYTON,11671185,SUNDARAM CLAYTON LTD,magerman|like_ctry,IN,8,Y
IN31476FI,Suzlon Energy Ltd,SUZLON ENERGY,23151100,SUZLON ENERGY LTD,magerman|like_ctry,IN,3,Y
IN30069FI,Tata Chemicals Limited,TATA CHEMICALS,1884699,TATA CHEMICALS LTD,magerman|like_ctry,IN,138,Y
IN30966FI,Tata Consultancy Services Limited,TATA CONSULTANCY SERVICES,2315825,TATA CONSULTANCY SERVICES DIVI,magerman|like_ctry,IN,2,Y
IN30966FI,Tata Consultancy Services Limited,TATA CONSULTANCY SERVICES,107982908,Tata Consultancy Services Ltd,magerman|like_ctry,IN,2,Y
IN30966FI,Tata Consultancy Services Limited,TATA CONSULTANCY SERVICES,58115,TATA CONSULTANCY SERVICES LTD,magerman|like_ctry,IN,2383,Y
IN30033FI,Tata Motors Limited,TATA MOTORS,110411658,Tata Motors Limited,magerman|like_ctry,IN,2,Y
IN30033FI,Tata Motors Limited,TATA MOTORS,55064,TATA MOTORS LTD,magerman|like_ctry,IN,290,Y
IN30043FI,Tata Steel Limited,TATA STEEL,17862130,TATA STEEL KZN PTY LTD,magerman|like_ctry,IN,2,Y
IN30043FI,Tata Steel Limited,TATA STEEL,412903,TATA STEEL LTD,magerman|like_ctry,IN,286,Y
IN0005579166,Tejas Networks Limited,TEJAS NETWORKS,4043362,TEJAS NETWORKS INDIA LTD,magerman|like_ctry,IN,3,Y
IN0005579166,Tejas Networks Limited,TEJAS NETWORKS,11642181,TEJAS NETWORKS INDIA PVT LTD,magerman|like_ctry,IN,5,Y
IN0005579166,Tejas Networks Limited,TEJAS NETWORKS,4278258,TEJAS NETWORKS LTD,magerman|like_ctry,IN,202,Y
IN0000218012,USV Private Limited,USV,111342079,USV Limited,manual|like_ctry,IN,3,Y
IN0000218012,USV Private Limited,USV,61848,USV LTD,manual|like_ctry,IN,322,Y
IN0000218012,USV Private Limited,USV,4431492,USV LTD B S D MAR,manual|like_ctry,IN,2,Y
IN0000218012,USV Private Limited,USV,3050188,USV LTD BSD MARG,manual|like_ctry,IN,1,Y
IN30183FI,Wipro Limited,WIPRO,23375208,WIPRO ENTPR LTD,magerman|like_ctry,IN,1,Y
IN30183FI,Wipro Limited,WIPRO,108798619,Wipro Limited,magerman|like_ctry,IN,2,Y
IN30183FI,Wipro Limited,WIPRO,1916384,WIPRO LTD,magerman|like_ctry,IN,601,Y
IN30875FI,Wockhardt Limited,WOCKHARDT,111683495,WOCKHARDT,magerman|exact,IN,1,Y
IN30875FI,Wockhardt Limited,WOCKHARDT,2628489,WOCKHARDT COMPANY,magerman|like_ctry,IN,1,Y
IN30875FI,Wockhardt Limited,WOCKHARDT,36249,WOCKHARDT LTD,magerman|like_ctry,IN,1064,Y
IN30875FI,Wockhardt Limited,WOCKHARDT,23801557,WOCKHARDT RES CENTRE,magerman|like_ctry,IN,6,Y
IN30875FI,Wockhardt Limited,WOCKHARDT,443351,WOCKHARDT RESEARCH CENTER,magerman|like_ctry,IN,213,Y
KR1201110397241,Ace Technologies Corp.,ACE TECH,13568084,ACE TECH CO LTD,patstat_std|like_ctry,KR,22,Y
KR1201110397241,Ace Technologies Corp.,ACE TECHNOLOGIES,175985,ACE TECHNOLOGIES CORP,magerman|like_ctry,KR,355,Y
KR1201110397241,Ace Technologies Corp.,ACE TECH,438919,ACE TECH,patstat_std|exact,KR,272,Y
KR1101111138985,"Ahnlab, Inc.",AHNLAB,4266333,AHNLAB INC,magerman|like_ctry,KR,368,Y
KR1244110019308,"Amotech Co.,Ltd.",AMOTECH,446101,AMOTECH CO LTD,magerman|like_ctry,KR,745,Y
KR1601110032542,Bioneer Corporation,BIONEER,307934,BIONEER CORP,magerman|like_ctry,KR,559,Y
KR1101110012560,"Boryung Pharm Co.,Ltd.",BORYUNG PHARM,690655,BORYUNG PHARM,magerman|exact,KR,256,Y
KR1350110034038,Celltrion Inc.,CELLTRION,1061986,CELLTRION INC,magerman|like_ctry,KR,130,Y
KR1350110034038,Celltrion Inc.,CELLTRION,2046897,CELLTRION CHEMICAL RES INST,magerman|like_ctry,KR,30,Y
KR1350110034038,Celltrion Inc.,CELLTRION,2046898,CELLTRION PHARM INC,magerman|like_ctry,KR,29,Y
KR1350110034038,Celltrion Inc.,CELLTRION,4471377,CELLTRION DBI INC,magerman|like_ctry,KR,16,Y
KR1201110173617,"Ceragem Co.,Ltd.",CERAGEM,111617541,"CERAGEM CO., LTD.",magerman|like_ctry,KR,2,Y
KR1201110173617,"Ceragem Co.,Ltd.",CERAGEM,111838860,"Ceragem Co., Ltd.",magerman|like_ctry,KR,2,Y
KR1201110173617,"Ceragem Co.,Ltd.",CERAGEM,463565,CERAGEM CO LTD,magerman|like_ctry,KR,176,Y
KR1801110042456,Changshin Inc.,CHANGSHIN,13546228,CHANGSHIN INC,magerman|like_ctry,KR,3,Y
KR1101115260669,Chong KUN Dang Pharmaceutical Corp.,CHONG KUN DANG PHARM,186711,CHONG KUN DANG PHARM CORP,manual|like_ctry,KR,420,Y
KR1101115260669,Chong KUN Dang Pharmaceutical Corp.,CHONG KUN DANG PHARMACEUTICAL,23692052,CHONG KUN DANG PHARMACEUTICAL CORP,magerman|like_ctry,KR,5,Y
KR1101111673220,"CJ CGV Co.,Ltd.",CJ CGV,4406271,CJ CGV CO LTD,magerman|like_ctry,KR,226,Y
KR1101113748253,CJ Cheiljedang Corporation,CJ,4311886,CJ CHEIJEDANG CORP,manual|like_ctry,KR,5,Y
KR1101113748253,CJ Cheiljedang Corporation,CJ CHEILJEDANG,96665,CJ CHEILJEDANG CORP,magerman|like_ctry,KR,2435,Y
KR1101110015639,CJ Corp.,CJ,6837218,CJ CO LTD,manual|like_ctry,KR,8,Y
KR1101110015639,CJ Corp.,CJ,127892,CJ CORP,manual|like_ctry,KR,890,Y
KR1101110626501,"Coway Co.,Ltd.",COWAY,153634150,"COWAY CO., LTD.",magerman|like_ctry,KR,2,Y
KR1101110626501,"Coway Co.,Ltd.",COWAY,2144486,COWAY CO LTD,magerman|like_ctry,KR,1509,Y
KR1648110019948,"Crucialtec Co., Ltd.",CRUCIALTEC,81156,CRUCIALTEC CO LTD,magerman|like_ctry,KR,723,Y
KR1313110138507,"CS Co.,Ltd.",CS CO,13631096,CS CO LTD,manual|like_ctry,KR,54,Y
KR1712110013472,"Daedong Industrial Co.,Ltd.",DAEDONG IND,1001264,DAEDONG IND CO LTD,patstat_std|like_ctry,KR,416,Y
KR1712110013472,"Daedong Industrial Co.,Ltd.",DAEDONG IND,18274243,DAEDONG IND MACHINE CO LTD,patstat_std|like_ctry,KR,2,Y
KR1101112095837,"Daewoo Shipbuilding & Marine Engineering Co., Ltd.",DAEWOO SHIPBUILDING & MARINE,43500,DAEWOO SHIPBUILDING & MARINE,manual|exact,KR,6343,Y
KR1311110000271,"Daewoong Co.,Ltd.",DAEWOONG,102857,DAEWOONG CO LTD,magerman|like_ctry,KR,170,Y
KR1311110000271,"Daewoong Co.,Ltd.",DAEWOONG,18063013,DAEWOONG CORP CO LTD,magerman|like_ctry,KR,2,Y
KR1311110000271,"Daewoong Co.,Ltd.",DAEWOONG,486913,DAEWOONG ELECTRIC IND CO LTD,magerman|like_ctry,KR,144,Y
KR1101110924765,"Dasan Networks, Inc.",DASAN NETWORKS,907876,DASAN NETWORKS INC,magerman|like_ctry,KR,161,Y
KR1101111113573,"Diabell Co.,Ltd.",DIABELL,3125167,DIABELL CO LTD,magerman|like_ctry,KR,327,Y
KR1101110017990,"Dong-A Socio Holdings Co.,Ltd.",DONG A SOCIO,19392697,DONG A SOCIO HOLDINGS CO LTD,magerman|like_ctry,KR,19,Y
KR1101110017990,"Dong-A Socio Holdings Co.,Ltd.",DONG-A ST,23808312,DONG-A ST CO LTD,manual|like_ctry,KR,21,Y
KR1101110005002,Dongbu Corporation,DONGBU,19224841,DONGBU INC,magerman|like_ctry,KR,2,Y
KR1101110546452,Dongbu Daewoo Electronics Corp.,DONGBU DAEWOO ELECTRONICS,19391796,DONGBU DAEWOO ELECTRONICS CORP,magerman|like_ctry,KR,1011,Y
KR1101110026206,"Dongbu Hitek Co.,Ltd.",DONGBU HITEK,299745,DONGBU HITEK CO LTD,magerman|like_ctry,KR,6435,Y
KR1201110003848,"Dongjin Semichem Co.,Ltd.",DONGJIN SEMICHEM,30834,DONGJIN SEMICHEM CO LTD,magerman|like_ctry,KR,2204,Y
KR1942110000943,"Doosan Heavy Industries & Construction Co.,Ltd.",DOOSAN HEAVY,1110954,DOOSAN HEAVY IND & CONSTR,magerman|like_ctry,KR,2085,Y
KR1942110000943,"Doosan Heavy Industries & Construction Co.,Ltd.",DOOSAN HEAVY,20867274,DOOSAN HEAVY IND & CONSTRUCTION CO LTD,magerman|like_ctry,KR,8,Y
KR1942110000943,"Doosan Heavy Industries & Construction Co.,Ltd.",DOOSAN HEAVY,22717402,DOOSAN HEAVY IND CONSTRUCTION CO LTD,magerman|like_ctry,KR,27,Y
KR1942110000943,"Doosan Heavy Industries & Construction Co.,Ltd.",DOOSAN HEAVY,23866612,DOOSAN HEAVY IND AND CONSTRUCTION CO LTD,magerman|like_ctry,KR,1,Y
KR1201110234469,"Doosan Infracore Co.,Ltd.",DOOSAN INFRACORE,137196,DOOSAN INFRACORE CO LTD,magerman|like_ctry,KR,3415,Y
KR1101110013774,Doosan Corp.,DOOSAN,588836,DOOSAN CORP,magerman|like_ctry,KR,1046,Y
KR1101110013774,Doosan Corp.,DOOSAN,3400466,DOOSAN CORP ELECTRO MATERIALS,magerman|like_ctry,KR,6,Y
KR1101110013774,Doosan Corp.,DOOSAN,4613657,DOOSAN ENGINE CO LTD,magerman|like_ctry,KR,164,Y
KR1101110013774,Doosan Corp.,DOOSAN,777473,DOOSAN MECATEC CO LTD,magerman|like_ctry,KR,157,Y
KR1101111551608,"EMW Co.,Ltd.",EMW,146119,EMW ANTENNA CO LTD,magerman|like_ctry,KR,295,Y
KR1101111551608,"EMW Co.,Ltd.",EMW,1822813,EMW CO LTD,magerman|like_ctry,KR,351,Y
KR1101111551608,"EMW Co.,Ltd.",EMW,398520,EMW ENERGY CO LTD,magerman|like_ctry,KR,79,Y
KR1351110051329,"Eugene Technology Co.,Ltd.",EUGENE TECHNOLOGY,21938138,EUGENE TECHNOLOGY MATERIALS,magerman|like_ctry,KR,16,Y
KR1351110051329,"Eugene Technology Co.,Ltd.",EUGENE TECHNOLOGY,23099065,EUGENE TECHNOLOGY MATERIALS CO LTD,magerman|like_ctry,KR,2,Y
KR1351110051329,"Eugene Technology Co.,Ltd.",EUGENE TECHNOLOGY,387008,EUGENE TECHNOLOGY CO LTD,magerman|like_ctry,KR,365,Y
KR1345110000014,Green Cross Holdings Corporation,GREEN CROSS,110454675,Green Cross Corp.,magerman|like_ctry,KR,4,Y
KR1345110000014,Green Cross Holdings Corporation,GREEN CROSS,21974337,GREEN CROSS HOLDINGS CORP,magerman|like_ctry,KR,12,Y
KR1345110000014,Green Cross Holdings Corporation,GREEN CROSS,341268,GREEN CROSS HOLDINGS,magerman|like_ctry,KR,13,Y
KR1345110000014,Green Cross Holdings Corporation,GREEN CROSS,736250,GREEN CROSS KOREA,magerman|like_ctry,KR,154,Y
KR1345110000014,Green Cross Holdings Corporation,GREEN CROSS,87088,GREEN CROSS CORP,magerman|like_ctry,KR,2761,Y
KR1101110002694,GS Engineering & Construction Corp.,GS ENG & CONSTRUCTION,23887759,GS ENG & CONSTRUCTION CORP,patstat_std|like_ctry,KR,2,Y
KR1101110037005,Handok Inc.,HANDOK,11338795,HANDOK CO LTD,magerman|like_ctry,KR,11,Y
KR1101110037005,Handok Inc.,HANDOK,21100652,HANDOK INC,magerman|like_ctry,KR,54,Y
KR1101110037005,Handok Inc.,HANDOK,2082674,HANDOK PHARMACEUTICALS CO LTD,magerman|like_ctry,KR,37,Y
KR1801110602507,"Hanjin Heavy Industries & Construction Co.,Ltd.",HANJIN HEAVY,2950323,HANJIN HEAVY IND & CONSTRUCTIO,magerman|like_ctry,KR,21,Y
KR1101114952093,"Hankook Tire Co.,Ltd.",HANKOOK,106812704,"Hankook Tire Co., Ltd.",manual|like_ctry,KR,2,Y
KR1101114952093,"Hankook Tire Co.,Ltd.",HANKOOK,1530780,HANKOOK TIRE MFG CO LTD,manual|like_ctry,KR,1786,Y
KR1101114952093,"Hankook Tire Co.,Ltd.",HANKOOK,19095060,HANKOOK TIRE WORLDWIDE CO LTD,manual|like_ctry,KR,44,Y
KR1101114952093,"Hankook Tire Co.,Ltd.",HANKOOK,6940528,HANKOOK TIRES CO LTD,manual|like_ctry,KR,54,Y
KR1348110003187,"Hanmi Science Co., Ltd.",HANMI SCIENCE,1763647,HANMI SCIENCE CO LTD,magerman|like_ctry,KR,552,Y
KR1101110360935,Hanwha Chemical Corporation,HANWHA CHEMICAL,147014,HANWHA CHEMICAL CORP,magerman|like_ctry,KR,1179,Y
KR1101110360935,Hanwha Chemical Corporation,HANWHA CHEMICAL,17203982,HANWHA CHEMICAL CORPERATION,magerman|like_ctry,KR,4,Y
KR1942110000480,"Hanwha Techwin Co.,Ltd.",SAMSUNG TECHWIN,150848,SAMSUNG TECHWIN CO LTD,manual|like_ctry,KR,6755,Y
KR1942110000480,"Hanwha Techwin Co.,Ltd.",HANWHA TECHWIN,23012558,HANWHA TECHWIN CO LTD,magerman|like_ctry,KR,615,Y
KR1101110002959,Hanwha Corp.,HANWHA,13359970,HANWHA CO LTD,magerman|like_ctry,KR,44,Y
KR1101110002959,Hanwha Corp.,HANWHA,1639436,HANWHA CORP,magerman|like_ctry,KR,320,Y
KR1101110002959,Hanwha Corp.,HANWHA,13460737,HANWHA CORP MACHINERY DIVISION,magerman|like_ctry,KR,8,Y
KR1101110002959,Hanwha Corp.,HANWHA,4611814,HANWHA E & C CORP,magerman|like_ctry,KR,100,Y
KR1101110002959,Hanwha Corp.,HANWHA,2100484,HANWHA L & C CORP,magerman|like_ctry,KR,391,Y
KR1345110144268,"Humax Co.,Ltd.",HUMAX,17631671,HUMAX HOLDINGS CO LTD,magerman|like_ctry,KR,266,Y
KR1345110144268,"Humax Co.,Ltd.",HUMAX,65462,HUMAX CO LTD,magerman|like_ctry,KR,665,Y
KR1101110030497,Hyosung Corporation,HYOSUNG,6538802,HYOSUNG CO LTD,magerman|like_ctry,KR,23,Y
KR1101110030497,Hyosung Corporation,HYOSUNG,60596,HYOSUNG CORP,magerman|like_ctry,KR,3633,Y
KR1101110030497,Hyosung Corporation,HYOSUNG,3602675,HYOSUNG T & C CO LTD,magerman|like_ctry,KR,215,Y
KR1812110000386,"Hyundai Heavy Industries Co.,Ltd.",HYUNDAI HEAVY,6538376,HYUNDAI HEAVY INDUSTRY CO LTD,magerman|like_ctry,KR,25,Y
KR1101110215536,"Hyundai Mobis Co.,Ltd.",HYUNDAI MOBIS,1820064,HYUNDAI MOBIS CO LTD,magerman|like_ctry,KR,12474,Y
KR1101110215536,"Hyundai Mobis Co.,Ltd.",HYUNDAI MOBIS,2727805,HYUNDAI MOBIS CO,manual|like_ctry,KR,145,Y
KR1101110215536,"Hyundai Mobis Co.,Ltd.",HYUNDAI MOBIS,2968901,HYUNDAI MOBIS,magerman|exact,KR,68,Y
KR1101110085450,"Hyundai Motor Co.,Ltd.",HYUNDAI MOTOR,7373,HYUNDAI MOTOR CO LTD,magerman|like_ctry,KR,93922,Y
KR1201110001743,Hyundai Steel Company,HYUNDAI STEEL,1918314,HYUNDAI STEEL CO,magerman|like_ctry,KR,5892,Y
KR1201110001743,Hyundai Steel Company,HYUNDAI STEEL,21156087,HYUNDAI STEEL INDUSTRY CO LTD,magerman|like_ctry,KR,1,Y
KR1101111960924,I-Sens Inc.,I SENS,175953,I SENS INC,magerman|like_ctry,KR,262,Y
KR1101110012776,"Ildong Holdings Co.,Ltd.",ILDONG,1074531,ILDONG PHARMACEUTICAL CO LTD,magerman|like_ctry,KR,15,Y
KR1101110012776,"Ildong Holdings Co.,Ltd.",ILDONG,2045079,ILDONG PHARM CO LTD,magerman|like_ctry,KR,106,Y
KR1201110011990,"Iljin Holdings Co.,Ltd.",ILJIN,1904595,ILJIN CO LTD,magerman|like_ctry,KR,98,Y
KR1201110011990,"Iljin Holdings Co.,Ltd.",ILJIN,695952,ILJIN CORP,magerman|like_ctry,KR,51,Y
KR1201110011990,"Iljin Holdings Co.,Ltd.",ILJIN,89557,ILJIN DIAMOND CO LTD,magerman|like_ctry,KR,285,Y
KR1201110011990,"Iljin Holdings Co.,Ltd.",ILJIN,13491750,ILJIN DIAMONG,magerman|like_ctry,KR,4,Y
KR1201110011990,"Iljin Holdings Co.,Ltd.",ILJIN,1886600,ILJIN DISPLAY CO LTD,magerman|like_ctry,KR,105,Y
KR1201110011990,"Iljin Holdings Co.,Ltd.",ILJIN,16993247,ILJIN HOLDINGS CO LTD,magerman|like_ctry,KR,14,Y
KR1201110011990,"Iljin Holdings Co.,Ltd.",ILJIN,3786834,ILJIN IDAMOND CO LTD,magerman|like_ctry,KR,2,Y
KR1201110011990,"Iljin Holdings Co.,Ltd.",ILJIN,2178863,ILJIN LED CO LTD,magerman|like_ctry,KR,205,Y
KR1101111867922,"Inca Internet Co.,Ltd.",INCA INTERNET,88085,INCA INTERNET CO LTD,magerman|like_ctry,KR,146,Y
KR1101111204637,"Intek Plus Co.,Ltd.",INTEKPLUS,347859,INTEKPLUS CO LTD,manual2|like_ctry,KR,178,Y
KR1101114400266,"Intellectual Discovery Co.,Ltd.",INTELLECTUAL DISCOVERY,18838283,INTELLECTUAL DISCOVERY LTD,magerman|like_ctry,KR,4,Y
KR1101114400266,"Intellectual Discovery Co.,Ltd.",INTELLECTUAL DISCOVERY,2068307,INTELLECTUAL DISCOVERY INC,magerman|like_ctry,KR,17,Y
KR1101114400266,"Intellectual Discovery Co.,Ltd.",INTELLECTUAL DISCOVERY,2142837,INTELLECTUAL DISCOVERY CO LTD,magerman|like_ctry,KR,1354,Y
KR1501110005955,"Jahwa Electronics Co.,Ltd.",JAHWA ELECTRONICS,344967,JAHWA ELECTRONICS CO LTD,magerman|like_ctry,KR,215,Y
KR1301110033281,"Jusung Engineering Co., Ltd.",JUSUNG ENG,515950,JUSUNG ENG CO LTD,patstat_std|like_ctry,KR,1630,Y
KR1101110221814,KCC Corporation,KCC,1082842,KCC CORP,magerman|like_ctry,KR,702,Y
KR1101110221814,KCC Corporation,KCC,13237355,KCC CO LTD,magerman|like_ctry,KR,181,Y
KR1101110037998,KIA Motors Corporation,KIA MOTORS,25261,KIA MOTORS CORP,magerman|like_ctry,KR,24893,Y
KR1348110020579,KMW Inc.,KMW,111345361,KMW Inc.,magerman|like_ctry,KR,4,Y
KR1348110020579,KMW Inc.,KMW,145478,KMW INC,magerman|like_ctry,KR,880,Y
KR1348110020579,KMW Inc.,KMW,363655,KMW CO LTD,magerman|like_ctry,KR,28,Y
KR1101112508088,Kohyoung Technology Inc.,KOHYOUNG TECHNOLOGY,19401690,KOHYOUNG TECHNOLOGY INC,magerman|like_ctry,KR,24,Y
KR1353110013606,Kolon Industries Inc.,KOLON,7300493,KOLON CO LTD,magerman|like_ctry,KR,608,Y
KR1353110013606,Kolon Industries Inc.,KOLON,1886228,KOLON CONSTRUCTION CO LTD,magerman|like_ctry,KR,345,Y
KR1353110013606,Kolon Industries Inc.,KOLON,23856388,KOLON FASHION MAT INC,magerman|like_ctry,KR,3,Y
KR1353110013606,Kolon Industries Inc.,KOLON,2046911,KOLON FASHION MATERIAL INC,magerman|like_ctry,KR,127,Y
KR1353110013606,Kolon Industries Inc.,KOLON,4259139,KOLON GLOBAL CORP,magerman|like_ctry,KR,230,Y
KR1353110013606,Kolon Industries Inc.,KOLON,13474155,KOLON GLOTECH CO LTD,magerman|like_ctry,KR,5,Y
KR1353110013606,Kolon Industries Inc.,KOLON,1811361,KOLON GLOTECH INC,magerman|like_ctry,KR,432,Y
KR1353110013606,Kolon Industries Inc.,KOLON,74071,KOLON INC,magerman|like_ctry,KR,6801,Y
KR1146710001456,Korea Electric Power Corporation,KOREA ELECTRIC POWER,13593517,KOREA ELECTRIC POWER INDUSTRY,magerman|like_ctry,KR,4,Y
KR1146710001456,Korea Electric Power Corporation,KOREA ELECTRIC POWER,204424,KOREA ELECTRIC POWER CORP,magerman|like_ctry,KR,4027,Y
KR1146710001456,Korea Electric Power Corporation,KOREA ELECTRIC POWER,20746491,KOREA ELECTRIC POWER IND DEV CO LTD,magerman|like_ctry,KR,35,Y
KR1146710001456,Korea Electric Power Corporation,KOREA ELECTRIC POWER,2308198,KOREA ELECTRIC POWER DATA NETW,magerman|like_ctry,KR,94,Y
KR1146710001456,Korea Electric Power Corporation,KOREA ELECTRIC POWER,7984462,KOREA ELECTRIC POWER CO LTD,magerman|like_ctry,KR,2,Y
KR1146710001456,Korea Electric Power Corporation,KOREA ELECTRIC POWER,8092490,KOREA ELECTRIC POWER CORP KR,magerman|like_ctry,KR,2,Y
KR1146710006125,Korea GAS Corp.,KOREA GAS,973741,KOREA GAS CORP,magerman|like_ctry,KR,549,Y
KR1701110069676,"Korea Powertrain Co.,Ltd.",KOREA POWERTRAIN,814802,KOREA POWERTRAIN CO LTD,magerman|like_ctry,KR,189,Y
KR1101111468754,KT Corporation,KT,28332,KT CORP,manual|like_ctry,KR,11630,Y
KR1101111468754,KT Corporation,KT,7637,KT FREETEL CO LTD,manual|like_ctry,KR,2712,Y
KR1601110067804,Kt&G Corporation,KT & G,191799,KT & G CO LTD,magerman|like_ctry,KR,78,Y
KR1601110067804,Kt&G Corporation,KT & G,22362754,KT & G COPORATION,magerman|like_ctry,KR,7,Y
KR1601110067804,Kt&G Corporation,KT & G,757078,KT & G CORP,magerman|like_ctry,KR,350,Y
KR1101110028541,Kumho Electric Inc.,KUMHO ELECTRIC,4413519,KUMHO ELECTRIC CO LTD,magerman|like_ctry,KR,86,Y
KR1101110028541,Kumho Electric Inc.,KUMHO ELECTRIC,1638946,KUMHO ELECTRIC INC,magerman|like_ctry,KR,297,Y
KR1101110028541,Kumho Electric Inc.,KUMHO ELECTRIC,18275499,KUMHO ELECTRIC POWER,magerman|like_ctry,KR,3,Y
KR1712110000908,"Kyung Dong One. Co.,Ltd.",KYUNG DONG ONE,17870657,KYUNG DONG ONE CORP,magerman|like_ctry,KR,89,Y
KR1101112207995,"LG Chem Co.,Ltd.",LG CHEM,543538,LG CHEM INVESTMENT LTD,magerman|like_ctry,KR,457,Y
KR1101112207995,"LG Chem Co.,Ltd.",LG,13367242,LG CHEMICAL COMPANY,magerman|like_ctry,KR,5,Y
KR1101112207995,"LG Chem Co.,Ltd.",LG,35771,LG CHEMICAL LTD,magerman|like_ctry,KR,38331,Y
KR1101110393134,"LG Display Co.,Ltd.",LG DISPLAY,81095,LG DISPLAY CO LTD,magerman|like_ctry,KR,29477,Y
KR1101112487050,LG Electronics Inc.,LG ELECTRONICS,10342510,LG ELECTRONICS INC SOC DE DROI,magerman|like_ctry,KR,6,Y
KR1101112487050,LG Electronics Inc.,LG ELECTRONICS,106968604,LG Electronics Co.,magerman|like_ctry,KR,3,Y
KR1101112487050,LG Electronics Inc.,LG ELECTRONICS,16869404,LG ELECTRONICS IN,magerman|like_ctry,KR,4,Y
KR1101112487050,LG Electronics Inc.,LG ELECTRONICS,21091482,LG ELECTRONICS INC A REPUBLIC OF KOREA CORP,magerman|like_ctry,KR,4,Y
KR1101112487050,LG Electronics Inc.,LG ELECTRONICS,216709,LG ELECTRONICS LTD,magerman|like_ctry,KR,340,Y
KR1101112487050,LG Electronics Inc.,LG ELECTRONICS,22207666,LG ELECTRONICS NC,magerman|like_ctry,KR,2,Y
KR1101112487050,LG Electronics Inc.,LG ELECTRONICS,23487037,LG ELECTRONICS INC SEOCHO GU,magerman|like_ctry,KR,2,Y
KR1101112487050,LG Electronics Inc.,LG ELECTRONICS,2777,LG ELECTRONICS INC,magerman|like_ctry,KR,226332,Y
KR1101112487050,LG Electronics Inc.,LG ELECTRONICS,3142148,LG ELECTRONICS INC LAW AND TEC,magerman|like_ctry,KR,2,Y
KR1101112487050,LG Electronics Inc.,LG ELECTRONICS,378530,LG ELECTRONICS,magerman|exact,KR,265,Y
KR1101112487050,LG Electronics Inc.,LG,2684935,LG ELECTONICS INC,magerman|like_ctry,KR,8,Y
KR1101112487050,LG Electronics Inc.,LG,2990768,LG ELECTORNICS INC,magerman|like_ctry,KR,10,Y
KR1101112487050,LG Electronics Inc.,LG,4073643,LG ELECTROICS INC,magerman|like_ctry,KR,6,Y
KR1101112487050,LG Electronics Inc.,LG,2789199,LG ELECTRONCIS INC,magerman|like_ctry,KR,10,Y
KR1101112487050,LG Electronics Inc.,LG,3770823,LG ELECTRONCS INC,magerman|like_ctry,KR,16,Y
KR1101112487050,LG Electronics Inc.,LG,378530,LG ELECTRONICS,magerman|like_ctry,KR,265,Y
KR1101112487050,LG Electronics Inc.,LG,16873310,LG ELECTRONICSINC,magerman|like_ctry,KR,3,Y
KR1101112487050,LG Electronics Inc.,LG,22658587,LG ELELCTRONICS INC,magerman|like_ctry,KR,3,Y
KR1101112487050,LG Electronics Inc.,LG,3813115,LG ELETRONICS INC,magerman|like_ctry,KR,84,Y
KR1101112581183,"LG Life Sciences, Ltd.",LG LIFE SCIENCES,146115,LG LIFE SCIENCES LTD,magerman|like_ctry,KR,1547,Y
KR1101112581183,"LG Life Sciences, Ltd.",LG LIFE SCIENCES,2462361,LG LIFE SCIENCES,magerman|exact,KR,6,Y
KR1101112581183,"LG Life Sciences, Ltd.",LG LIFE SCIENCES,2732811,LG LIFE SCIENCES LTD INC,magerman|like_ctry,KR,7,Y
KR1101112581183,"LG Life Sciences, Ltd.",LG,4010374,LG LIFE SCIENCE LTD,magerman|like_ctry,KR,12,Y
KR1101112581183,"LG Life Sciences, Ltd.",LG,105489588,"LG Life Sciences, Limited",magerman|like_ctry,KR,2,Y
KR1101111296676,LG Uplus Corp.,LG UPLUS,2162295,LG UPLUS CORP,magerman|like_ctry,KR,1353,Y
KR1101111296676,LG Uplus Corp.,LG,188327,LG TELECOM LTD,magerman|like_ctry,KR,1482,Y
KR1101110003543,LG Corp.,LG,2171892,LG CNS CO LTD,magerman|like_ctry,KR,817,Y
KR1101110003543,LG Corp.,LG,4080025,LG CNS INC,magerman|like_ctry,KR,2,Y
KR1101110003543,LG Corp.,LG,13301303,LG CO LTD,magerman|like_ctry,KR,17,Y
KR1101110003543,LG Corp.,LG,13380283,LG CORP,magerman|like_ctry,KR,69,Y
KR1101110003543,LG Corp.,LG,798460,LG N SYS INC,magerman|like_ctry,KR,854,Y
KR1101110003543,LG Corp.,LG,2254431,LG PHILIPS CO LTD,magerman|like_ctry,KR,27,Y
KR1101110003543,LG Corp.,LG,6952689,LG PHILIPS DISPLAY KOREA CORP,magerman|like_ctry,KR,5,Y
KR1101110003543,LG Corp.,LG,805754,LG PHILIPS DISPLAYS CO LTD,magerman|like_ctry,KR,6,Y
KR1101110003543,LG Corp.,LG,275836,LG PHILIPS DISPLAYS KOREA,magerman|like_ctry,KR,1013,Y
KR1101110003543,LG Corp.,LG,23808651,LG PHILIPS DISPLAYS KOREA CO LTD,magerman|like_ctry,KR,32,Y
KR1101110003543,LG Corp.,LG,3781867,LG PHILIPS LCD CO,magerman|like_ctry,KR,57,Y
KR1101110003543,LG Corp.,LG,101406,LG PHILIPS LCD CO LTD,magerman|like_ctry,KR,18613,Y
KR1101110003543,LG Corp.,LG,1948782,LG SILTRON INC,magerman|like_ctry,KR,1086,Y
KR1101111651242,"LMS Co.,Ltd.",LMS,17570536,LMS CORP,magerman|like_ctry,KR,3,Y
KR1101111651242,"LMS Co.,Ltd.",LMS,24246285,LMS KOREA CO LTD,magerman|like_ctry,KR,1,Y
KR1101111651242,"LMS Co.,Ltd.",LMS,3392215,LMS CO LTD,magerman|like_ctry,KR,312,Y
KR1101110193196,Lotte Chemical Corporation.,LOTTE CHEMICAL,2157627,LOTTE CHEMICAL CORP,magerman|like_ctry,KR,547,Y
KR1101110193196,Lotte Chemical Corporation.,LOTTE CHEMICAL,21744158,LOTTE CHEMICAL CORP OF SINDAEBANG DONG,magerman|like_ctry,KR,4,Y
KR1812110000013,"Lotte Fine Chemicals Co.,Ltd.",SAMSUNG FINE CHEMICALS,51788,SAMSUNG FINE CHEMICALS CO LTD,manual|like_ctry,KR,1518,Y
KR1101110003965,LS Corp.,LS,2153217,LS CABLE & SYSTEM LTD,manual|like_ctry,KR,505,Y
KR1101110003965,LS Corp.,LS,22339229,LS CABLE AND SYSTEM LTD,manual|like_ctry,KR,8,Y
KR1101110003965,LS Corp.,LS,189465,LS CABLE LTD,manual|like_ctry,KR,2138,Y
KR1101110003965,LS Corp.,LS,109068389,LS Cable Ltd.,manual|like_ctry,KR,3,Y
KR1101110003965,LS Corp.,LS,17470796,LS CO LTD,manual|like_ctry,KR,3,Y
KR1101110003965,LS Corp.,LS,1096019,LS CORP,manual|like_ctry,KR,18,Y
KR1101110003965,LS Corp.,LS,13668836,LS INC,manual|like_ctry,KR,1,Y
KR1101110003965,LS Corp.,LS,3154116,LS IND SYSTEM CO LTD,manual|like_ctry,KR,6,Y
KR1101110003965,LS Corp.,LS,12534,LS IND SYSTEMS CO LTD,manual|like_ctry,KR,1869,Y
KR1101110003965,LS Corp.,LS,942172,LS MTRON LTD,manual|like_ctry,KR,1077,Y
KR1101111437379,Lutronic Corporation,LUTRONIC,2068324,LUTRONIC CORP,magerman|like_ctry,KR,223,Y
KR*110009952408,"MagnaChip Semiconductor, Ltd.",MAGNACHIP SEMICONDUCTOR,391153,MAGNACHIP SEMICONDUCTOR LTD,magerman|like_ctry,KR,4167,Y
KR1313110140776,Mando Corporation,MANDO,47134,MANDO CORP,magerman|like_ctry,KR,9268,Y
KR1501110123252,Nanobiosys Inc.,NANOBIOSYS,2130726,NANOBIOSYS INC,magerman|like_ctry,KR,94,Y
KR1101111707178,Naver Corporation,NAVER,21156474,NAVER CORP,magerman|like_ctry,KR,676,Y
KR1101111707178,Naver Corporation,NAVER,21156488,NAVER BUSINESS PLATFORM CORP,magerman|like_ctry,KR,140,Y
KR1101111387748,Ncsoft Corporation,NCSOFT,2058179,NCSOFT CORP,magerman|like_ctry,KR,438,Y
KR*929148347,Neoview Kolon CO Ltd,NEOVIEW KOLON,13390347,NEOVIEW KOLON,magerman|exact,KR,2,Y
KR*929148347,Neoview Kolon CO Ltd,NEOVIEW KOLON,18459013,NEOVIEW KOLON CO LTD,magerman|like_ctry,KR,79,Y
KR2001110139795,"New Motech Co.,Ltd.",NEW MOTECH,4306325,NEW MOTECH CO LTD,magerman|like_ctry,KR,219,Y
KR1101110014219,Nexen Tire Corp.,NEXEN TIRE,2936000,NEXEN TIRE CO LTD,magerman|like_ctry,KR,21,Y
KR1101110014219,Nexen Tire Corp.,NEXEN TIRE,4114866,NEXEN TIRE CORP,magerman|like_ctry,KR,79,Y
KR1101112539322,NHN Bugs Corporation,NHN ENTERTAINMENT,21190255,NHN ENTERTAINMENT CORP,manual|like_ctry,KR,215,Y
KR1746110000981,OCI Company Limited,OCI,22938612,OCI CORPORATON,magerman|like_ctry,KR,2,Y
KR1101111361669,"Osstem Implant Co., Ltd.",OSSTEM IMPLANT,125270,OSSTEM IMPLANT CO LTD,magerman|like_ctry,KR,351,Y
KR1801110211051,"Panasia Co.,Ltd.",PANASIA,1983322,PANASIA CO LTD,magerman|like_ctry,KR,236,Y
KR1101110766018,Pantech Property Management Inc.,PANTECH,52778,PANTECH CO LTD,manual|like_ctry,KR,6301,Y
KR1746110000741,"Posco Co., Ltd.",POSCO,111089059,POSCO,magerman|exact,KR,2,Y
KR1746110000741,"Posco Co., Ltd.",POSCO,28108,POSCO,magerman|exact,KR,27324,Y
KR1746110000741,"Posco Co., Ltd.",POSCO,17726236,POSCO A & C CO LTD,magerman|like_ctry,KR,45,Y
KR1746110000741,"Posco Co., Ltd.",POSCO,1893551,POSCO CHEMTECH,magerman|like_ctry,KR,7,Y
KR1746110000741,"Posco Co., Ltd.",POSCO,17725574,POSCO CHEMTECH CO LTD,magerman|like_ctry,KR,98,Y
KR1746110000741,"Posco Co., Ltd.",POSCO,52760,POSCO CO LTD,magerman|like_ctry,KR,320,Y
KR1746110000741,"Posco Co., Ltd.",POSCO,18853958,POSCO COATED & COLOR STEEL CO LTD,magerman|like_ctry,KR,69,Y
KR1746110000741,"Posco Co., Ltd.",POSCO,13415373,POSCO DEV CO LTD,magerman|like_ctry,KR,40,Y
KR1746110000741,"Posco Co., Ltd.",POSCO,18946269,POSCO ENERGY CO LTD,magerman|like_ctry,KR,228,Y
KR1746110000741,"Posco Co., Ltd.",POSCO,2144152,POSCO ENG & CONSTR CO LTD,magerman|like_ctry,KR,592,Y
KR1746110000741,"Posco Co., Ltd.",POSCO,2042458,POSCO ES MATERIALS CO LTD,magerman|like_ctry,KR,77,Y
KR1746110000741,"Posco Co., Ltd.",POSCO,909235,POSCO GROUP LTD,magerman|like_ctry,KR,7,Y
KR1746110000741,"Posco Co., Ltd.",POSCO,13218911,POSCO GROUP RES ASS,magerman|like_ctry,KR,448,Y
KR1746110000741,"Posco Co., Ltd.",POSCO,2151775,POSCO ICT CO LTD,magerman|like_ctry,KR,498,Y
KR1746110000741,"Posco Co., Ltd.",POSCO,111514728,POSCO ICT COMPANY LTD.,magerman|like_ctry,KR,2,Y
KR1746110000741,"Posco Co., Ltd.",POSCO,18720062,POSCO LED CO LTD,magerman|like_ctry,KR,390,Y
KR1746110000741,"Posco Co., Ltd.",POSCO,17725521,POSCO PLANTEC CO LTD,magerman|like_ctry,KR,58,Y
KR1746110000741,"Posco Co., Ltd.",POSCO,2011775,POSCO SPECIALTY STEEL CO LTD,magerman|like_ctry,KR,35,Y
KR1746110000741,"Posco Co., Ltd.",POSCO,18003398,POSCO TMC CO LTD,magerman|like_ctry,KR,55,Y
KR1348110216516,"Rayence Co.,Ltd.",RAYENCE,4309076,RAYENCE CO LTD,magerman|like_ctry,KR,201,Y
KR1101110221939,S1 Corporation,S1,2238362,S1 CORP,manual|like_ctry,KR,348,Y
KR1101110015762,Samsung C&T Corporation,SAMSUNG C&T,4216383,SAMSUNG C&T CORP,manual|like_ctry,KR,474,Y
KR1301110001626,"Samsung Electro-Mechanics Co.,Ltd.",SAMSUNG ELECTRO-MECHANICS,111326707,"Samsung Electro-Mechanics Company, Ltd",manual|like_ctry,KR,2,Y
KR1301110001626,"Samsung Electro-Mechanics Co.,Ltd.",SAMSUNG ELECTRO MECH,12128,SAMSUNG ELECTRO MECH,patstat_std|exact,KR,40074,Y
KR1301110001626,"Samsung Electro-Mechanics Co.,Ltd.",SAMSUNG ELECTRO MECHANICS,13405161,SAMSUNG ELECTRO MECHANICS INC,magerman|like_ctry,KR,3,Y
KR1301110001626,"Samsung Electro-Mechanics Co.,Ltd.",SAMSUNG ELECTRO MECHANICS,3873134,SAMSUNG ELECTRO MECHANICS COMP,magerman|like_ctry,KR,19,Y
KR1301110006246,"Samsung Electronics Co.,Ltd.",SAMSUNG ELECTRONICS,107027163,Samsung Electronics Co. Ltd.,magerman|like_ctry,KR,2,Y
KR1301110006246,"Samsung Electronics Co.,Ltd.",SAMSUNG ELECTRONICS,107804794,"Samsung Electronics Co., Ltd.",magerman|like_ctry,KR,1,Y
KR1301110006246,"Samsung Electronics Co.,Ltd.",SAMSUNG ELECTRONICS,109299235,"Samsung Electronics Co., Ltd.",magerman|like_ctry,KR,2,Y
KR1301110006246,"Samsung Electronics Co.,Ltd.",SAMSUNG ELECTRONICS,109687275,"Samsung Electronics Co., Ltd.",magerman|like_ctry,KR,2,Y
KR1301110006246,"Samsung Electronics Co.,Ltd.",SAMSUNG ELECTRONICS,110018809,"Samsung Electronics Co., Ltd. (SAIT)",magerman|like_ctry,KR,2,Y
KR1301110006246,"Samsung Electronics Co.,Ltd.",SAMSUNG ELECTRONICS,110981156,"Samsung Electronics Co., Ltd.",magerman|like_ctry,KR,1,Y
KR1301110006246,"Samsung Electronics Co.,Ltd.",SAMSUNG ELECTRONICS,111299395,"Samsung Electronics Co., Ltd.",magerman|like_ctry,KR,2,Y
KR1301110006246,"Samsung Electronics Co.,Ltd.",SAMSUNG ELECTRONICS,111384760,"Samsung Electronics Co., Ltd.",magerman|like_ctry,KR,1,Y
KR1301110006246,"Samsung Electronics Co.,Ltd.",SAMSUNG ELECTRONICS,111488502,"Samsung Electronics Co., Ltd.",magerman|like_ctry,KR,1,Y
KR1301110006246,"Samsung Electronics Co.,Ltd.",SAMSUNG ELECTRONICS,111515743,"Samsung Electronics Co., Letd.",magerman|like_ctry,KR,2,Y
KR1301110006246,"Samsung Electronics Co.,Ltd.",SAMSUNG ELECTRONICS,111566561,"Samsung Electronics Co., Ltd.",magerman|like_ctry,KR,1,Y
KR1301110006246,"Samsung Electronics Co.,Ltd.",SAMSUNG ELECTRONICS,111566563,"Samsung Electronics Co., Ltd.",magerman|like_ctry,KR,1,Y
KR1301110006246,"Samsung Electronics Co.,Ltd.",SAMSUNG ELECTRONICS,111580464,"SAMSUNG ELECTRONICS CO., LTD.",magerman|like_ctry,KR,1,Y
KR1301110006246,"Samsung Electronics Co.,Ltd.",SAMSUNG ELECTRONICS,111838831,"Samsung Electronics Co,. Ltd.",magerman|like_ctry,KR,1,Y
KR1301110006246,"Samsung Electronics Co.,Ltd.",SAMSUNG ELECTRONICS,111844682,Samsung Electronics,magerman|exact,KR,1,Y
KR1301110006246,"Samsung Electronics Co.,Ltd.",SAMSUNG ELECTRONICS,153557042,"SAMSUNG ELECTRONICS CO., LTD.",magerman|like_ctry,KR,2,Y
KR1301110006246,"Samsung Electronics Co.,Ltd.",SAMSUNG ELECTRONICS,19214480,SAMSUNG ELECTRONICS LOGITECH CO LTD,magerman|like_ctry,KR,1,Y
KR1301110006246,"Samsung Electronics Co.,Ltd.",SAMSUNG ELECTRONICS,2181856,SAMSUNG ELECTRONICS INC,magerman|like_ctry,KR,82,Y
KR1301110006246,"Samsung Electronics Co.,Ltd.",SAMSUNG ELECTRONICS,2237298,SAMSUNG ELECTRONICS CO INC,magerman|like_ctry,KR,43,Y
KR1301110006246,"Samsung Electronics Co.,Ltd.",SAMSUNG ELECTRONICS,23078360,SAMSUNG ELECTRONICS MECHANICS CO LTD,magerman|like_ctry,KR,2,Y
KR1301110006246,"Samsung Electronics Co.,Ltd.",SAMSUNG ELECTRONICS,2336,SAMSUNG ELECTRONICS CO LTD,magerman|like_ctry,KR,391756,Y
KR1301110006246,"Samsung Electronics Co.,Ltd.",SAMSUNG ELECTRONICS,2430720,SAMSUNG ELECTRONICS COMPANY,magerman|like_ctry,KR,52,Y
KR1301110006246,"Samsung Electronics Co.,Ltd.",SAMSUNG ELECTRONICS,2586371,SAMSUNG ELECTRONICS CO LDT,magerman|like_ctry,KR,3,Y
KR1301110006246,"Samsung Electronics Co.,Ltd.",SAMSUNG ELECTRONICS,2605952,SAMSUNG ELECTRONICS CORP,magerman|like_ctry,KR,11,Y
KR1301110006246,"Samsung Electronics Co.,Ltd.",SAMSUNG ELECTRONICS,2717617,SAMSUNG ELECTRONICS MECHANICS,magerman|like_ctry,KR,3,Y
KR1301110006246,"Samsung Electronics Co.,Ltd.",SAMSUNG ELECTRONICS,2972855,SAMSUNG ELECTRONICS CO LTC,magerman|like_ctry,KR,5,Y
KR1301110006246,"Samsung Electronics Co.,Ltd.",SAMSUNG ELECTRONICS,3120720,SAMSUNG ELECTRONICS C LTD,magerman|like_ctry,KR,14,Y
KR1301110006246,"Samsung Electronics Co.,Ltd.",SAMSUNG ELECTRONICS,4008947,SAMSUNG ELECTRONICS CO LID,magerman|like_ctry,KR,2,Y
KR1301110006246,"Samsung Electronics Co.,Ltd.",SAMSUNG ELECTRONICS,4011751,SAMSUNG ELECTRONICS C O LTD,magerman|like_ctry,KR,1,Y
KR1301110006246,"Samsung Electronics Co.,Ltd.",SAMSUNG ELECTRONICS,44901,SAMSUNG ELECTRONICS LTD,magerman|like_ctry,KR,95,Y
KR1101110168595,"Samsung Heavy Industries Co.,Ltd.",SAMSUNG HEAVY,17916961,SAMSUNG HEAVY MACHINERY CO LTD,magerman|like_ctry,KR,1,Y
KR1101110168595,"Samsung Heavy Industries Co.,Ltd.",SAMSUNG HEAVY,190152,SAMSUNG HEAVY IND,magerman|like_ctry,KR,9928,Y
KR1101110394174,"Samsung SDI Co.,Ltd.",SAMSUNG SDI,3159,SAMSUNG SDI CO LTD,magerman|like_ctry,KR,43108,Y
KR1101110398556,"Samsung SDS Co.,Ltd.",SAMSUNG SDS,1724057,SAMSUNG SDS CO LTD,magerman|like_ctry,KR,1822,Y
KR1101110026181,Samyang Holdings Corporation,SAMYANG,19409762,SAMYANG BIOPHARMACEUTICALS,magerman|like_ctry,KR,264,Y
KR1101110026181,Samyang Holdings Corporation,SAMYANG,13283776,SAMYANG CO LTD,magerman|like_ctry,KR,169,Y
KR1101110026181,Samyang Holdings Corporation,SAMYANG,3866,SAMYANG CORP,manual2|like_ctry,KR,1133,Y
KR1101110026181,Samyang Holdings Corporation,SAMYANG,616436,SAMYANG GENEX CO LTD,manual2|like_ctry,KR,54,Y
KR1101110026181,Samyang Holdings Corporation,SAMYANG,3874,SAMYANG GENEX CORP,magerman|like_ctry,KR,318,Y
KR1101112276809,Seah Holdings Corporation,SEAH,13216341,SEAH CO LTD,magerman|like_ctry,KR,11,Y
KR1311110191004,"Semicon Light Co.,Ltd.",SEMICON LIGHT,4319891,SEMICON LIGHT CO LTD,magerman|like_ctry,KR,258,Y
KR1101110522436,"Seoul Semiconductor Co.,Ltd.",SEOUL SEMICONDUCTOR,53982,SEOUL SEMICONDUCTOR CO LTD,magerman|like_ctry,KR,2278,Y
KR1350110122156,"Seoul Viosys Co.,Ltd.",SEOUL VIOSYS,21189729,SEOUL VIOSYS CO LTD,magerman|like_ctry,KR,1305,Y
KR1350110122156,"Seoul Viosys Co.,Ltd.",SEOUL VIOSYS,22481370,SEOUL VIOSYS CO,magerman|like_ctry,KR,10,Y
KR1942110032714,SFA Engineering Corporation,SFA ENGINEERING,3003155,SFA ENGINEERING CORP,magerman|like_ctry,KR,839,Y
KR1101113614727,Silicon Mitus Inc.,SILICON MITUS,4177993,SILICON MITUS INC,magerman|like_ctry,KR,19,Y
KR1601110089395,"Silicon Works Co.,Ltd.",SILICON WORKS,1784755,SILICON WORKS CO LTD,magerman|like_ctry,KR,765,Y
KR1301110005727,"SK Chemicals Co.,Ltd.",SK CHEMICALS,126543,SK CHEMICALS CO LTD,magerman|like_ctry,KR,2452,Y
KR1301110005727,"SK Chemicals Co.,Ltd.",SK,514269,SK CHEMICAL CO LTD,manual|like_ctry,KR,23,Y
KR1344110001387,SK Hynix Inc.,SK HYNIX,3975251,SK HYNIX INC,magerman|like_ctry,KR,10415,Y
KR1101113710385,"SK Innovation Co., Ltd.",SK INNOVATION,21782903,SK INNOVATION CO LTD & SK GLOBAL CHEMICAL CO LTD,magerman|like_ctry,KR,2,Y
KR1101113710385,"SK Innovation Co., Ltd.",SK INNOVATION,61501,SK INNOVATION CO LTD,magerman|like_ctry,KR,2861,Y
KR1101113710385,"SK Innovation Co., Ltd.",SK ENERGY,29101,SK ENERGY CO LTD,manual|like_ctry,KR,859,Y
KR1101113710385,"SK Innovation Co., Ltd.",SK ENERGY,8176390,SK ENERGY,manual|exact,KR,2,Y
KR1101110371346,"SK Telecom Co.,Ltd.",SK TELECOM,11601587,SK TELECOM CL LTD,magerman|like_ctry,KR,4,Y
KR1101110371346,"SK Telecom Co.,Ltd.",SK TELECOM,4115824,SK TELECOM COMPANY LTD,magerman|like_ctry,KR,2,Y
KR1101110371346,"SK Telecom Co.,Ltd.",SK TELECOM,7516991,SK TELECOM KK,magerman|like_ctry,KR,38,Y
KR1101110371346,"SK Telecom Co.,Ltd.",SK TELECOM,7636,SK TELECOM CO LTD,magerman|like_ctry,KR,13019,Y
KR1101110371346,"SK Telecom Co.,Ltd.",SK,6655771,SK TELECOMM TECHNOLOGY CO LTD,manual|like_ctry,KR,5,Y
KR1101110371346,"SK Telecom Co.,Ltd.",SK,306319,SK TELEKOM CO LTD,manual|like_ctry,KR,8,Y
KR1101110769583,"SK Holdings Co., Ltd.",SK,22662814,SK BIOBPHARMACEUTICALS CO LTD,manual|like_ctry,KR,2,Y
KR1101110769583,"SK Holdings Co., Ltd.",SK,1009489,SK BIOPHARMACEUTICALS CO LTD,manual|like_ctry,KR,275,Y
KR1101110769583,"SK Holdings Co., Ltd.",SK,4470009,SK C & C,manual|like_ctry,KR,6,Y
KR1101110769583,"SK Holdings Co., Ltd.",SK,196766,SK C&C CO LTD,manual|like_ctry,KR,361,Y
KR1101110371346,"SK Telecom Co.,Ltd.",SK,1011465,SK COMMUNICATIONS CORP,manual|like_ctry,KR,147,Y
KR1101110769583,"SK Holdings Co., Ltd.",SK,6681,SK CORP,manual|like_ctry,KR,1019,Y
KR1101110769583,"SK Holdings Co., Ltd.",SK,2744873,SK ENG & CONSTRUCTION LTD,manual|like_ctry,KR,135,Y
KR1301110005727,"SK Chemicals Co.,Ltd.",SK,1811368,SK GLOBAL CHEMICAL CO LTD,manual|like_ctry,KR,331,Y
KR1101110769583,"SK Holdings Co., Ltd.",SK,3092630,SK HOLDING CO LTD,manual|like_ctry,KR,3,Y
KR1101110769583,"SK Holdings Co., Ltd.",SK,169614,SK HOLDINGS CO LTD,manual|like_ctry,KR,157,Y
KR1101110371346,"SK Telecom Co.,Ltd.",SK,1005334,SK PLANET CO LTD,manual|like_ctry,KR,3004,Y
KR1301110001585,"SKC Co., Ltd.",SK,4401501,SK TELESYS CO LTD,manual|like_ctry,KR,224,Y
KR1301110001585,"SKC Co., Ltd.",SKC,107443102,"SKC Haas Display Films Co., Ltd.",magerman|like_ctry,KR,1,Y
KR1301110001585,"SKC Co., Ltd.",SKC,110826097,"SKC Haas Display Films Co., Lt.d",magerman|like_ctry,KR,1,Y
KR1301110001585,"SKC Co., Ltd.",SKC,111885539,"SKC Haas Display Film Co., Ltd.",magerman|like_ctry,KR,1,Y
KR1301110001585,"SKC Co., Ltd.",SKC,13665682,SKC HASS DISPLAY FILMS CO LTD,magerman|like_ctry,KR,6,Y
KR1301110001585,"SKC Co., Ltd.",SKC,13670418,SKC HASS DISPLAY FILMS LLC,magerman|like_ctry,KR,1,Y
KR1301110001585,"SKC Co., Ltd.",SKC,180630,SKC LTD,magerman|like_ctry,KR,425,Y
KR1301110001585,"SKC Co., Ltd.",SKC,204717,SKC CO LTD,magerman|like_ctry,KR,1856,Y
KR1301110001585,"SKC Co., Ltd.",SKC,342847,SKC HAAS DISPLAY FILMS CO LTD,magerman|like_ctry,KR,297,Y
KR1301110001585,"SKC Co., Ltd.",SKC,4088996,SKC HAAS DISPLAY FILMS LLC,magerman|like_ctry,KR,33,Y
KR1101111515191,"SNU Precision Co.,Ltd.",SNU PRECISION,2018602,SNU PRECISION CO LTD,magerman|like_ctry,KR,368,Y
KR1101111466443,"Sunstar Co.,Ltd.",SUNSTAR,1107698,SUNSTAR MACHINERY CO LTD,magerman|like_ctry,KR,89,Y
KR1101111466443,"Sunstar Co.,Ltd.",SUNSTAR,15547,SUNSTAR PRECISION CO LTD,magerman|like_ctry,KR,170,Y
KR1101111466443,"Sunstar Co.,Ltd.",SUNSTAR,4447499,SUNSTAR CO LTD,magerman|like_ctry,KR,110,Y
KR1101111206914,"Taewoong Medical Co.,Ltd.",TAEWOONG MEDICAL,111702319,"Taewoong Medical Co., Ltd.",magerman|like_ctry,KR,3,Y
KR1101111206914,"Taewoong Medical Co.,Ltd.",TAEWOONG MEDICAL,55254,TAEWOONG MEDICAL CO LTD,magerman|like_ctry,KR,260,Y
KR1101111394420,Thinkware Systems Corp.,THINKWARE SYSTEMS,77436,THINKWARE SYSTEMS CORP,magerman|like_ctry,KR,743,Y
KR1845110014990,"Toptec Co.,Ltd.",TOPTEC,4461393,TOPTEC CO LTD,magerman|like_ctry,KR,189,Y
KR1101111873755,"Wemade Entertainment Co.,Ltd.",WEMADE ENTERTAINMENT,21225548,WEMADE ENTERTAINMENT CO LTD,magerman|like_ctry,KR,50,Y
KR1243110033235,Wonik Holdings CO Ltd,WONIK,13553647,WONIK CORP,magerman|like_ctry,KR,3,Y
KR1243110033235,Wonik Holdings CO Ltd,WONIK,4305385,WONIK IPS CO LTD,magerman|like_ctry,KR,469,Y
KR1201110101890,"Yonwoo Co., Ltd.",YONWOO,286616,YONWOO CO LTD,magerman|like_ctry,KR,683,Y
KR1201110101890,"Yonwoo Co., Ltd.",YONWOO,3509188,YONWOO CORP,magerman|like_ctry,KR,6,Y
KR1101110145147,"Youlchon Chemical Co.,Ltd.",YOULCHON CHEMICAL,4368451,YOULCHON CHEMICAL CO LTD,magerman|like_ctry,KR,148,Y
KR1101110014409,Yuhan Corporation,YUHAN,4598133,YUHAN CO LTD,magerman|like_ctry,KR,137,Y
KR1101110014409,Yuhan Corporation,YUHAN,187488,YUHAN CORP,magerman|like_ctry,KR,501,Y
US390394230,Kimberly Clark Corp,YUHAN,204949,YUHAN KIMBERLY LTD,magerman|like_ctry,KR,122,Y
KR1348110266959,"Yura Co.,Ltd.",YURA,13597696,YURA CO LTD,magerman|like_ctry,KR,6,Y
KR1348110266959,"Yura Co.,Ltd.",YURA,4330929,YURA CORP CO LTD,magerman|like_ctry,KR,542,Y
KR1101110204498,"Yuyang D & U Co.,Ltd.",YUYANG D & U,4198128,YUYANG D & U CO LTD,magerman|like_ctry,KR,43,Y
TW12341051,Acbel Polytech Inc.,ACBEL POLYTECH,2575138,ACBEL POLYTECH INC,magerman|like_ctry,TW,464,Y
TW22099287,Accton Technology Corporation,ACCTON TECHNOLOGY,18392480,ACCTON TECHNOLOGY CORPORATIO,magerman|like_ctry,TW,2,Y
TW20828393,Acer Inc.,ACER,1363697,ACER PERIPHERALS INC,magerman|like_ctry,TW,409,Y
TW20828393,Acer Inc.,ACER,147216170,Acer Incorporated,magerman|like_ctry,TW,2,Y
TW20828393,Acer Inc.,ACER,18505742,ACER INCORPORATE,magerman|like_ctry,TW,2,Y
TW20828393,Acer Inc.,ACER,3950968,ACER INCORP,magerman|like_ctry,TW,2,Y
TW89593343,Adlink Technology Inc.,ADLINK TECHNOLOGY,2635692,ADLINK TECHNOLOGY INC,magerman|like_ctry,TW,111,Y
TW76027628,Advanced Semiconductor Engineering INC,ADVANCED SEMICONDUCTOR ENG,2181763,ADVANCED SEMICONDUCTOR ENG,patstat_std|exact,TW,4325,Y
TW05155853,"Advantech Co., Ltd.",ADVANTECH,2226615,ADVANTECH CO LTD,manual|like_ctry,TW,414,Y
TW84149054,ALI Corporation,ALI,18505983,ALI CORPORATIO,magerman|like_ctry,TW,2,Y
TW12800392,Alpha Networks Incorporation,ALPHA NETWORKS,1128323,ALPHA NETWORKS INC,magerman|like_ctry,TW,205,Y
TW12800392,Alpha Networks Incorporation,ALPHA NETWORKS,22449949,ALPHA NETWORKS CHENGDU CO LTD,magerman|like_ctry,TW,3,Y
TW12800392,Alpha Networks Incorporation,ALPHA NETWORKS,4094809,ALPHA NETWORKS INS,magerman|like_ctry,TW,1,Y
TW97307625,Altek Corporation,ALTEK,153616405,ALTEK CORPORATION,magerman|like_ctry,TW,2,Y
TW97307625,Altek Corporation,ALTEK,18392181,ALTEK CORPORATIO,magerman|like_ctry,TW,2,Y
TW97307625,Altek Corporation,ALTEK,21773326,ALTEK SEMICONDUCTOR CORP,magerman|like_ctry,TW,108,Y
TW97307625,Altek Corporation,ALTEK,2700769,ALTEK CORP,magerman|like_ctry,TW,1956,Y
TW70747852,Arima Communications Corporation,ARIMA COMMUNICATIONS,111476588,ARIMA COMMUNICATIONS CORPORATION,magerman|like_ctry,TW,1,Y
TW70747852,Arima Communications Corporation,ARIMA COMM,4078651,ARIMA COMM CO LTD,patstat_std|like_ctry,TW,20,Y
TW55921894,Asia Optical Company INC,ASIA OPTICAL,22210502,ASIA OPTICAL INT LTD,magerman|like_ctry,TW,24,Y
TW55921894,Asia Optical Company INC,ASIA OPTICAL,2701161,ASIA OPTICAL CO LTD,magerman|like_ctry,TW,262,Y
TW55921894,Asia Optical Company INC,ASIA OPTICAL,868064,ASIA OPTICAL CO INC,magerman|like_ctry,TW,1855,Y
TW55921894,Asia Optical Company INC,ASIA OPTICAL,9658205,ASIA OPTICAL CO,magerman|like_ctry,TW,9,Y
TW86427715,Asia Vital Components Company Limited,ASIA VITAL COMPONENTS,110880129,Asia Vital Components Co. Ltd.,magerman|like_ctry,TW,1,Y
TW86427715,Asia Vital Components Company Limited,ASIA VITAL COMPONENTS,17602018,ASIA VITAL COMPONENTS CHINA CO,magerman|like_ctry,TW,16,Y
TW86427715,Asia Vital Components Company Limited,ASIA VITAL COMPONENTS,23854162,ASIA VITAL COMPONENTS,magerman|exact,TW,1,Y
TW86427715,Asia Vital Components Company Limited,ASIA VITAL COMPONENTS,808397,ASIA VITAL COMPONENTS CO LTD,magerman|like_ctry,TW,2972,Y
TW23638777,Asustek Computer Incorporation,ASUSTEK COMPUTER,111687802,"Asustek Computer Inc,",magerman|like_ctry,TW,2,Y
TW23638777,Asustek Computer Incorporation,ASUSTEK COMP,27765,ASUSTEK COMP INC,patstat_std|like_ctry,TW,5286,Y
TW23638777,Asustek Computer Incorporation,ASUSTEK COMP,3777115,ASUSTEK COMP,patstat_std|exact,TW,2,Y
TW84149738,AU Optronics Corporation,AU OPTRONICS,18395777,AU OPTRONICS CORPORATIO,magerman|like_ctry,TW,19,Y
TW84149738,AU Optronics Corporation,AU OPTRONICS,2351134,AU OPTRONICS INC,magerman|like_ctry,TW,3,Y
TW84149738,AU Optronics Corporation,AU OPTRONICS,3748903,AU OPTRONICS,magerman|exact,TW,41,Y
TW84149738,AU Optronics Corporation,AU OPTRONICS,3990261,AU OPTRONICS CROPORATION,magerman|like_ctry,TW,3,Y
TW69905810,Catcher Technology Company Limited,CATCHER TECHNOLOGY,2324190,CATCHER TECHNOLOGY CO LTD,magerman|like_ctry,TW,56,Y
TW59504506,"Cheng Shin Rubber Industry Co., Ltd",CHENG SHIN RUBBER,3762428,CHENG SHIN RUBBER IND CO LTD,magerman|like_ctry,TW,31,Y
TW22223510,"Cheng UEI Precision Industry Co., Ltd.",CHENG UEI PRECISION,111323916,"Cheng Uei Precision Industry, Co., Ltd.",magerman|like_ctry,TW,1,Y
TW22223510,"Cheng UEI Precision Industry Co., Ltd.",CHENG UEI PRECISION,111366748,"Cheng Uei Precision Industry Co., Ltd.",magerman|like_ctry,TW,1,Y
TW22223510,"Cheng UEI Precision Industry Co., Ltd.",CHENG UEI PRECISION,111620439,"Cheng Uei Precision Industry Co., Ltd",magerman|like_ctry,TW,2,Y
TW22223510,"Cheng UEI Precision Industry Co., Ltd.",CHENG UEI PRECISION,111728314,"Cheng Uei Precision Indsutry Co., Ltd.",magerman|like_ctry,TW,1,Y
TW22223510,"Cheng UEI Precision Industry Co., Ltd.",CHENG UEI PRECISION,111915350,"Cheng Uei Precision Industry Co., Ltd.",magerman|like_ctry,TW,1,Y
TW22223510,"Cheng UEI Precision Industry Co., Ltd.",CHENG UEI PREC,1966449,CHENG UEI PREC IND CO LTD,patstat_std|like_ctry,TW,3566,Y
TW22223510,"Cheng UEI Precision Industry Co., Ltd.",CHENG UEI PREC,3116702,CHENG UEI PREC CO LTD,patstat_std|like_ctry,TW,1,Y
TW22223510,"Cheng UEI Precision Industry Co., Ltd.",CHENG UEI PREC,3483807,CHENG UEI PREC INDUSTRY,patstat_std|like_ctry,TW,1,Y
TW22223510,"Cheng UEI Precision Industry Co., Ltd.",CHENG UEI PREC,4117054,CHENG UEI PREC INDUSTRY CO,patstat_std|like_ctry,TW,2,Y
TW68387705,CHI MEI Corporation,CHI MEI,1668192,CHI MEI CORP,magerman|like_ctry,TW,1067,Y
TW68387705,CHI MEI Corporation,CHI MEI,3076942,CHI MEI EL CORP,magerman|like_ctry,TW,103,Y
TW68387705,CHI MEI Corporation,CHI MEI,109604966,CHI MEI EL Corp.,magerman|like_ctry,TW,3,Y
TW68387705,CHI MEI Corporation,CHI MEI,18393287,CHI MEI EL CORPORATIO,magerman|like_ctry,TW,3,Y
TW68387705,CHI MEI Corporation,CHI MEI,2106047,CHI MEI LIGHTING TECH CORP,magerman|like_ctry,TW,190,Y
TW68387705,CHI MEI Corporation,CHI MEI,2894519,CHI MEI LIGHTING TECHNOLOGY CO,magerman|like_ctry,TW,10,Y
TW68387705,CHI MEI Corporation,CHI MEI,18440180,CHI MEI LIGHTING TECHNOLOGYCORPORATION,magerman|like_ctry,TW,1,Y
TW68387705,CHI MEI Corporation,CHI MEI,2675966,CHI MEI OPTOELECTONICS CORP,magerman|like_ctry,TW,2,Y
TW68387705,CHI MEI Corporation,CHI MEI,6703752,CHI MEI OPTOELECTRONICS CO LTD,magerman|like_ctry,TW,551,Y
TW68387705,CHI MEI Corporation,CHI MEI,312336,CHI MEI OPTOELECTRONICS CORP,magerman|like_ctry,TW,2033,Y
TW68387705,CHI MEI Corporation,CHI MEI,18393288,CHI MEI OPTOELECTRONICS CORPORATIO,magerman|like_ctry,TW,12,Y
TW68387705,CHI MEI Corporation,CHI MEI,15525570,CHI MEI OPTORLRCTRONICS CO LTD,magerman|like_ctry,TW,1,Y
TW20954200,"Chicony Electronics Co., Ltd.",CHICONY ELECTRONICS,2278866,CHICONY ELECTRONICS CO LTD,magerman|like_ctry,TW,358,Y
TW03098415,China Motor Corporation,CHINA MOTOR,55105,CHINA MOTOR CORP,magerman|like_ctry,TW,92,Y
TW30414175,China Steel Corporation,CHINA STEEL,17330975,CHINA STEEL CO LTD,magerman|like_ctry,TW,38,Y
TW30414175,China Steel Corporation,CHINA STEEL,18412681,CHINA STEEL CORPORATIO,magerman|like_ctry,TW,3,Y
TW30414175,China Steel Corporation,CHINA STEEL,86605,CHINA STEEL CORP,magerman|like_ctry,TW,1725,Y
TW09461025,Chroma ATE Inc.,CHROMA ATE,2256281,CHROMA ATE INC,magerman|like_ctry,TW,646,Y
TW11085292,"Chunghwa Picture Tubes, Ltd.",CHUNGHWA PICTURE TUBES,21968432,CHUNGHWA PICTURE TUBES CO,magerman|like_ctry,TW,9,Y
TW96979933,"Chunghwa Telecom Co., Ltd.",CHUNGHWA TELECOM,111521822,"Chunghwa Telecom Co., Ltd",magerman|like_ctry,TW,1,Y
TW96979933,"Chunghwa Telecom Co., Ltd.",CHUNGHWA TELECOM,15503009,CHUNGHWA TELECOM LAB,magerman|like_ctry,TW,55,Y
TW96979933,"Chunghwa Telecom Co., Ltd.",CHUNGHWA TELECOM,49845,CHUNGHWA TELECOM CO LTD,magerman|like_ctry,TW,2248,Y
TW21222725,Compal Electronics INC,COMPAL ELECTRONICS,2909979,COMPAL ELECTRONICS,magerman|exact,TW,4,Y
TW21222725,Compal Electronics INC,COMPAL ELECTRONICS,961734,COMPAL ELECTRONICS INC,magerman|like_ctry,TW,2267,Y
TW22099907,Coretronic Corporation,CORETRONIC,18391902,CORETRONIC CORPORATIO,magerman|like_ctry,TW,4,Y
TW22099907,Coretronic Corporation,CORETRONIC,69204,CORETRONIC CORP,magerman|like_ctry,TW,1940,Y
TW03707901,"CPC Corporation, Taiwan",CPC,111151439,CPC Corporation Taiwan,magerman|like_ctry,TW,2,Y
TW03707901,"CPC Corporation, Taiwan",CPC,19043593,CPC TAIWAN,magerman|like_ctry,TW,1,Y
TW03707901,"CPC Corporation, Taiwan",CPC,203162,CPC CORP TAIWAN,magerman|like_ctry,TW,152,Y
TW03707901,"CPC Corporation, Taiwan",CPC,3754417,CPC CORP,magerman|like_ctry,TW,5,Y
TW16081507,Darfon Electronics Corporation,DARFON ELECTRONICS,17544441,DARFON ELECTRONICS SUZHOU CO LTD,magerman|like_ctry,TW,55,Y
TW34051920,Delta Electronics INC,DELTA ELECTRONICS,109190997,"Delta Electronics , Inc.",magerman|like_ctry,TW,1,Y
TW34051920,Delta Electronics INC,DELTA ELECTRONICS,111653468,Delta Electronics Inc.,magerman|like_ctry,TW,2,Y
TW34051920,Delta Electronics INC,DELTA ELECTRONICS,2807158,DELTA ELECTRONICS,magerman|exact,TW,20,Y
TW59347422,Depo Auto Parts Industrial Company Limited,DEPO AUTO PARTS IND,11011646,DEPO AUTO PARTS IND CO LTD,patstat_std|like_ctry,TW,62,Y
TW59347422,Depo Auto Parts Industrial Company Limited,DEPO AUTO PARTS IND,18458391,DEPO AUTO PARTS IND CO,patstat_std|like_ctry,TW,4,Y
TW22099890,E INK Holdings Inc.,E INK,153676648,E Ink Holdings Inc.,magerman|like_ctry,TW,2,Y
TW22099890,E INK Holdings Inc.,E INK Holdings Inc.,153676648,E Ink Holdings Inc.,original|exact,TW,2,Y
TW22099890,E INK Holdings Inc.,E INK,2179213,E INK HOLDINGS INC,magerman|like_ctry,TW,882,Y
TW80342958,Egalax-Emipia Technology Inc.,EGALAX,2072281,EGALAX EMPIA TECHNOLOGY INC,manual|like_ctry,TW,651,Y
TW84149224,Elan Microelectronics Corp.,ELAN MICROELECTRONICS,15539007,ELAN MICROELECTRONICS COPORATI,magerman|like_ctry,TW,1,Y
TW84149224,Elan Microelectronics Corp.,ELAN MICROELECTRONICS,18392427,ELAN MICROELECTRONICS CORPORATIO,magerman|like_ctry,TW,3,Y
TW84149224,Elan Microelectronics Corp.,ELAN MICROELECTRONICS,18418800,ELAN MICROELECTRONICS,magerman|exact,TW,4,Y
TW84149224,Elan Microelectronics Corp.,ELAN MICROELECTRONICS,2188976,ELAN MICROELECTRONICS CORP,magerman|like_ctry,TW,922,Y
TW84149786,Epistar Corporation,EPISTAR,18397472,EPISTAR CORPORATIO,magerman|like_ctry,TW,5,Y
TW84149786,Epistar Corporation,EPISTAR,621991,EPISTAR CORP,magerman|like_ctry,TW,2093,Y
TW75339004,"Eternal Materials Co., Ltd.",ETERNAL MATERIALS,22375828,ETERNAL MATERIALS CO LTD,magerman|like_ctry,TW,103,Y
TW34516147,"Everlight Electronics Co., Ltd.",EVERLIGHT ELECTRONICS,111113046,"Everlight Electronics Co., Ltd",magerman|like_ctry,TW,1,Y
TW34516147,"Everlight Electronics Co., Ltd.",EVERLIGHT ELECTRONICS,111252540,"Everlight Electronics Co., Ltd",magerman|like_ctry,TW,5,Y
TW34516147,"Everlight Electronics Co., Ltd.",EVERLIGHT ELECTRONICS,111291029,"Everlight Electronics Co., Ltd.",magerman|like_ctry,TW,19,Y
TW34516147,"Everlight Electronics Co., Ltd.","Everlight Electronics Co., Ltd.",111385765,"Everlight Electronics Co., Ltd.",original|exact,TW,9,Y
TW34516147,"Everlight Electronics Co., Ltd.",EVERLIGHT ELECTRONICS,111625418,"Everlight Electronics Co., Ltd.",magerman|like_ctry,TW,1,Y
TW34516147,"Everlight Electronics Co., Ltd.","Everlight Electronics Co., Ltd.",111793460,"Everlight Electronics Co., Ltd.",original|exact,TW,2,Y
TW34516147,"Everlight Electronics Co., Ltd.",EVERLIGHT ELECTRONICS,4385,EVERLIGHT ELECTRONICS CO LTD,magerman|like_ctry,TW,1133,Y
TW03522600,Far Eastern New Century Corporation,FAR EASTERN NEW CENTURY,11807,FAR EASTERN NEW CENTURY CORP,magerman|like_ctry,TW,265,Y
TW03522600,Far Eastern New Century Corporation,FAR EASTERN NEW CENTURY,21206281,FAR EASTERN NEW CENTURY COPRRATION,magerman|like_ctry,TW,2,Y
TW84149060,Faraday Technology Corporation,FARADAY TECHNOLOGY,15570460,FARADAY TECHNOLOGY GROP,magerman|like_ctry,TW,4,Y
TW84149060,Faraday Technology Corporation,FARADAY TECHNOLOGY,18368132,FARADAY TECHNOLOGY GORP,magerman|like_ctry,TW,1,Y
TW84149060,Faraday Technology Corporation,FARADAY TECH,2396365,FARADAY TECH CROP,patstat_std|like_ctry,TW,1,Y
TW63400932,"Feng TAY Enterprises Co., Ltd.",FENG TAY ENTERPRISES,111103184,"FENG TAY ENTERPRISES CO., LTD.",magerman|like_ctry,TW,2,Y
TW28069900,"Focaltech Systems Co., Ltd.",ORISE TECHNOLOGY,3682217,ORISE TECHNOLOGY CO LTD,manual|like_ctry,TW,208,Y
TW75708007,Formosa Plastics Corporation,FORMOSA PLASTICS,15570559,FORMOSA PLASTICS TRANSP CORP,magerman|like_ctry,TW,39,Y
TW75708007,Formosa Plastics Corporation,FORMOSA PLASTICS,18506047,FORMOSA PLASTICS CORPORATIO,magerman|like_ctry,TW,1,Y
TW75708007,Formosa Plastics Corporation,FORMOSA PLASTICS,2988800,FORMOSA PLASTICS CORP,magerman|like_ctry,TW,142,Y
TW23707801,"Foxconn Technology Co., Ltd.",FOXCONN TECHNOLOGY,106573575,"Foxconn Technology Co., Ltd.",magerman|like_ctry,TW,1,Y
TW23707801,"Foxconn Technology Co., Ltd.","Foxconn Technology Co., Ltd.",106573575,"Foxconn Technology Co., Ltd.",original|exact,TW,1,Y
TW23707801,"Foxconn Technology Co., Ltd.",FOXCONN TECHNOLOGY,107483902,"Foxconn Technology Co., Ltd.",magerman|like_ctry,TW,64,Y
TW23707801,"Foxconn Technology Co., Ltd.","Foxconn Technology Co., Ltd.",107483902,"Foxconn Technology Co., Ltd.",original|exact,TW,64,Y
TW23707801,"Foxconn Technology Co., Ltd.",FOXCONN TECHNOLOGY,108850544,"Foxconn Technology Co., Ltd.",magerman|like_ctry,TW,1,Y
TW23707801,"Foxconn Technology Co., Ltd.","Foxconn Technology Co., Ltd.",108850544,"Foxconn Technology Co., Ltd.",original|exact,TW,1,Y
TW23707801,"Foxconn Technology Co., Ltd.",FOXCONN TECHNOLOGY,111224734,Foxconn Technology,magerman|exact,TW,1,Y
TW23707801,"Foxconn Technology Co., Ltd.",FOXCONN TECH,1902492,FOXCONN TECH CO LTD,patstat_std|like_ctry,TW,4445,Y
TW22960571,Gemtek Technology Company Limited,GEMTEK TECHNOLOGY,2865877,GEMTEK TECHNOLOGY CO LTD,magerman|like_ctry,TW,296,Y
TW23572557,"Genius Electronic Optical Co., Ltd.",GENIUS ELECTRONIC OPTICAL,110500249,"Genius Electronic Optical Co., Ltd.",magerman|like_ctry,TW,1,Y
TW23572557,"Genius Electronic Optical Co., Ltd.","Genius Electronic Optical Co., Ltd.",111079682,"Genius Electronic Optical Co., Ltd.",original|exact,TW,1,Y
TW23572557,"Genius Electronic Optical Co., Ltd.",GENIUS ELECTRONIC OPTICAL,2043600,GENIUS ELECTRONIC OPTICAL CO,magerman|like_ctry,TW,570,Y
TW22044755,Gigabyte Technology Company Limited,GIGABYTE TECHNOLOGY,111788010,Gigabyte Technology,magerman|exact,TW,2,Y
TW16299879,Global Unichip Corp.,GLOBAL UNICHIP,111602797,Global Unichip Corporation,magerman|like_ctry,TW,2,Y
TW16299879,Global Unichip Corp.,GLOBAL UNICHIP,2997084,GLOBAL UNICHIP CORP,magerman|like_ctry,TW,157,Y
TW53433060,Gogoro Taiwan Limited,GOGORO,22660401,GOGORO TAIWAN LTD,magerman|like_ctry,TW,10,Y
TW16450500,Hannstar Display Corporation,HANNSTAR DISPLAY,108098526,Hannstar Display Corporation,magerman|like_ctry,TW,1,Y
TW16450500,Hannstar Display Corporation,Hannstar Display Corporation,108430498,Hannstar Display Corporation,original|exact,TW,1,Y
TW16450500,Hannstar Display Corporation,HANNSTAR DISPLAY,110885900,HannStar Display Corp.,magerman|like_ctry,TW,5,Y
TW16450500,Hannstar Display Corporation,HANNSTAR DISPLAY,111176570,Hannstar Display Corproation,magerman|like_ctry,TW,1,Y
TW16450500,Hannstar Display Corporation,HANNSTAR DISPLAY,15568521,HANNSTAR DISPLAY CORP &,magerman|like_ctry,TW,9,Y
TW16450500,Hannstar Display Corporation,HANNSTAR DISPLAY,18395778,HANNSTAR DISPLAY CORPORATIO,magerman|like_ctry,TW,4,Y
TW16450500,Hannstar Display Corporation,HANNSTAR DISPLAY,4297987,HANNSTAR DISPLAY CORP LTD,magerman|like_ctry,TW,3,Y
TW16450500,Hannstar Display Corporation,HANNSTAR DISPLAY,463138,HANNSTAR DISPLAY CORP,magerman|like_ctry,TW,2237,Y
TW04541302,"HON HAI Precision Industry Co., Ltd.",HON HAI PRECISION,110635990,"Hon Hai Precision Industry Co., Ltd.",magerman|like_ctry,TW,3,Y
TW04541302,"HON HAI Precision Industry Co., Ltd.",HON HAI PRECISION,111316363,"Hon Hai Precision Ind, Co., Ltd",magerman|like_ctry,TW,2,Y
TW04541302,"HON HAI Precision Industry Co., Ltd.",HON HAI PRECISION,111658115,"Hon Hai Precision Industry Co., Ltd.",magerman|like_ctry,TW,1,Y
TW04541302,"HON HAI Precision Industry Co., Ltd.",HON HAI PREC,1804405,HON HAI PREC CO LTD,patstat_std|like_ctry,TW,18,Y
TW04541302,"HON HAI Precision Industry Co., Ltd.",HON HAI PREC,2185083,HON HAI PREC INC CO LT,patstat_std|like_ctry,TW,2,Y
TW04541302,"HON HAI Precision Industry Co., Ltd.",HON HAI PREC,2185086,HON HAI PREC INC CO LTD,patstat_std|like_ctry,TW,49,Y
TW04541302,"HON HAI Precision Industry Co., Ltd.",HON HAI PREC,2191763,HON HAI PREC INDUSTRY LTD,patstat_std|like_ctry,TW,11,Y
TW04541302,"HON HAI Precision Industry Co., Ltd.",HON HAI PREC,2234462,HON HAI PREC IND OC LTD,patstat_std|like_ctry,TW,4,Y
TW04541302,"HON HAI Precision Industry Co., Ltd.",HON HAI PREC,2506479,HON HAI PREC INDSUTRY CO LTD,patstat_std|like_ctry,TW,7,Y
TW04541302,"HON HAI Precision Industry Co., Ltd.",HON HAI PREC,2748205,HON HAI PREC INDICO LTD,patstat_std|like_ctry,TW,2,Y
TW04541302,"HON HAI Precision Industry Co., Ltd.",HON HAI PREC,3893285,HON HAI PREC IND LTD,patstat_std|like_ctry,TW,2,Y
TW04541302,"HON HAI Precision Industry Co., Ltd.",HON HAI PREC,9490,HON HAI PREC IND CO LTD,patstat_std|like_ctry,TW,78098,Y
TW16003518,HTC Corporation,HTC,148443799,HTC Corporation,magerman|like_ctry,TW,1,Y
TW16003518,HTC Corporation,HTC,151439943,HTC CORPORATION,magerman|like_ctry,TW,1,Y
TW16003518,HTC Corporation,HTC,18392966,HTC CORPORATIO,magerman|like_ctry,TW,1,Y
TW16003518,HTC Corporation,HTC,19655700,HTC CORPORTION,magerman|like_ctry,TW,1,Y
TW16003518,HTC Corporation,HTC,23499230,HTC CORPOATION,magerman|like_ctry,TW,1,Y
TW16003518,HTC Corporation,HTC,4396,HTC CORP,magerman|like_ctry,TW,6252,Y
TW12800225,Innolux Corp.,INNOLUX,2179398,INNOLUX CORP,magerman|like_ctry,TW,2522,Y
TW12800225,Innolux Corp.,INNOLUX,2180868,INNOLUX DISPLAY CORP,magerman|like_ctry,TW,1747,Y
TW12800225,Innolux Corp.,INNOLUX,22539809,INNOLUX CORPRATION,magerman|like_ctry,TW,8,Y
TW04322046,Inventec Corporation,INVENTEC,2577966,INVENTEC APPLIANCE CORP,magerman|like_ctry,TW,3,Y
TW04322046,Inventec Corporation,INVENTEC,4244339,INVENTEC APPLIANCES SHANGHAI,magerman|like_ctry,TW,456,Y
TW04322046,Inventec Corporation,INVENTEC,2722566,INVENTEC APPLICANCES CORP,magerman|like_ctry,TW,4,Y
TW04322046,Inventec Corporation,INVENTEC,3339405,INVENTEC BESTA CO LTD,magerman|like_ctry,TW,648,Y
TW04322046,Inventec Corporation,INVENTEC,2908236,INVENTEC C ORPORATION,magerman|like_ctry,TW,1,Y
TW04322046,Inventec Corporation,INVENTEC,111395669,INVENTEC COPRPORATION,magerman|like_ctry,TW,1,Y
TW04322046,Inventec Corporation,INVENTEC,18392021,INVENTEC CORPORATIO,magerman|like_ctry,TW,33,Y
TW04322046,Inventec Corporation,INVENTEC,4066457,INVENTEC CORPRATION,magerman|like_ctry,TW,2,Y
TW04322046,Inventec Corporation,INVENTEC,15537040,INVENTEC MULTIMEDIA & AMP TELE,magerman|like_ctry,TW,1,Y
TW04322046,Inventec Corporation,INVENTEC,283078,INVENTEC MULTIMEDIA & TELECOM,magerman|like_ctry,TW,555,Y
TW04322046,Inventec Corporation,INVENTEC,2797584,INVENTEC MULTIMEDIA TELECOM CO,magerman|like_ctry,TW,1,Y
TW04322046,Inventec Corporation,INVENTEC,10313559,INVENTEC PPLIANCES CORP,magerman|like_ctry,TW,7,Y
TW04322046,Inventec Corporation,INVENTEC,22204566,INVENTEC PUDONG TECH CORP,magerman|like_ctry,TW,25,Y
TW04322046,Inventec Corporation,INVENTEC,19381860,INVENTEC PUDONG TECHNOLOGY CORP,magerman|like_ctry,TW,1865,Y
TW04322046,Inventec Corporation,INVENTEC,6683980,INVENTEC SHANGHAI APPLIANCES,magerman|like_ctry,TW,192,Y
TW84149717,"ITE Tech, Inc.",ITE TECH,1121983,ITE TECH INC,magerman|like_ctry,TW,182,Y
TW22480876,Largan Precision Company Limited,LARGAN PRECISION,1930870,LARGAN PRECISION CO LTD,magerman|like_ctry,TW,1569,Y
TW22480876,Largan Precision Company Limited,LARGAN PRECISION,4449598,LARGAN PRECISION CO,magerman|like_ctry,TW,74,Y
TW23528103,Lite-On Semiconductor Corp.,LITE ON SEMICONDUCTOR,2180872,LITE ON SEMICONDUCTOR CORP,magerman|like_ctry,TW,269,Y
TW23357403,Lite-On Technology Corporation,LITE ON TECHNOLOGY,110879190,Lite On Technology Corp.,magerman|like_ctry,TW,1,Y
TW23357403,Lite-On Technology Corporation,LITE ON TECHNOLOGY,15540116,LITE ON TECHNOLOGY CORPORATIO,magerman|like_ctry,TW,3,Y
TW23357403,Lite-On Technology Corporation,LITE-ON TECHNOLOGY,15564194,LITE-ON TECHNOLOGY CORP,manual|like_ctry,TW,1,Y
TW23357403,Lite-On Technology Corporation,LITE ON TECHNOLOGY,2936466,LITE ON TECHNOLOGY,magerman|exact,TW,3,Y
TW23357403,Lite-On Technology Corporation,LITE ON TECHNOLOGY,9195105,LITE ON TECHNOLOGY CO,magerman|like_ctry,TW,18,Y
TW23357403,Lite-On Technology Corporation,LITE ON TECHNOLOGY,9597486,LITE ON TECHNOLOGY CORP TAIPEH,magerman|like_ctry,TW,18,Y
TW22244141,"Lotes Co., Ltd.",LOTES,2254074,LOTES CO LTD,magerman|like_ctry,TW,465,Y
TW22244141,"Lotes Co., Ltd.",LOTES,3022407,LOTES CO INC,magerman|like_ctry,TW,1,Y
TW22244141,"Lotes Co., Ltd.",LOTES,7887441,LOTES GUANGZHOU CO LTD,magerman|like_ctry,TW,578,Y
TW22099548,Macronix International Company Limited,MACRONIX,107352829,"Macronix International Co., Ltd.",magerman|like_ctry,TW,1,Y
TW22099548,Macronix International Company Limited,MACRONIX INTERNATIONAL,110999785,Macronix International Co. Ltd,manual|like_ctry,TW,1,Y
TW22099548,Macronix International Company Limited,MACRONIX,111179345,"MACRONIX INTERNATIONAL CO.,LTD.",magerman|like_ctry,TW,1,Y
TW22099548,Macronix International Company Limited,MACRONIX,16591012,MACRONIX INTERNAT CO LTD TAIWA,magerman|like_ctry,TW,1,Y
TW22099548,Macronix International Company Limited,MACRONIX,19528541,MACRONIX INTERNATIONAL COMPANY,magerman|like_ctry,TW,2,Y
TW22099548,Macronix International Company Limited,MACRONIX,2190857,MACRONIX INTERNAT CO INC,magerman|like_ctry,TW,3,Y
TW22099548,Macronix International Company Limited,MACRONIX,22650800,MACRONIX INTERNAT CO LT,magerman|like_ctry,TW,1,Y
TW22099548,Macronix International Company Limited,MACRONIX,23484797,MACRONIX INTERNATIOAL CO LTD,magerman|like_ctry,TW,2,Y
TW22099548,Macronix International Company Limited,MACRONIX,2383069,MACRONIX INTERNATIONAL LTD,magerman|like_ctry,TW,3,Y
TW22099548,Macronix International Company Limited,MACRONIX,3075664,MACRONIX INTERNATION CO LTD,magerman|like_ctry,TW,4,Y
TW22099548,Macronix International Company Limited,MACRONIX,3714481,MACRONIX INTERNATIONAL COL LTD,magerman|like_ctry,TW,1,Y
TW22099548,Macronix International Company Limited,MACRONIX,4226785,MACRONIX INTERNAT CO LT D,magerman|like_ctry,TW,1,Y
TW84149961,Mediatek Inc.,MEDIATEK,105487680,Mediatek Incoropration,magerman|like_ctry,TW,3,Y
TW84149961,Mediatek Inc.,MEDIATEK,110833421,Mediatek Inc.,magerman|like_ctry,TW,3,Y
TW84149961,Mediatek Inc.,MEDIATEK,111124884,Mediatek Inc.,magerman|like_ctry,TW,2,Y
TW84149961,Mediatek Inc.,MEDIATEK,111293816,MEDIATEK Inc.,magerman|like_ctry,TW,1,Y
TW84149961,Mediatek Inc.,MEDIATEK,111555554,Mediatek Inc.,magerman|like_ctry,TW,1,Y
TW84149961,Mediatek Inc.,MEDIATEK,152661704,MEDIATEK INC.,magerman|like_ctry,TW,2,Y
TW84149961,Mediatek Inc.,MEDIATEK,18505869,MEDIATEK INCORPORATIO,magerman|like_ctry,TW,1,Y
TW84149961,Mediatek Inc.,MEDIATEK,23057557,MEDIATEK CO,magerman|like_ctry,TW,2,Y
TW84149961,Mediatek Inc.,MEDIATEK,3868305,MEDIATEK,magerman|exact,TW,15,Y
TW22178368,"Micro-Star International Co., Ltd.",MICRO-STAR INTERNATIONAL,106566106,"Micro-Star International Co., Ltd.",manual|like_ctry,TW,1,Y
TW22178368,"Micro-Star International Co., Ltd.","Micro-Star International Co., Ltd.",110879064,"Micro-Star International Co., Ltd.",original|exact,TW,1,Y
TW22178368,"Micro-Star International Co., Ltd.",MICRO-STAR INTERNATIONAL,111388265,"MICRO-STAR INTERNATIONAL CO., LTD.",manual|like_ctry,TW,3,Y
TW22178368,"Micro-Star International Co., Ltd.",MICRO STAR,18281800,MICRO STAR INTERNATIONA L CO LTD,magerman|like_ctry,TW,8,Y
TW22178368,"Micro-Star International Co., Ltd.",MICRO STAR,1862359,MICRO STAR INT CO LTD,magerman|like_ctry,TW,780,Y
TW22178368,"Micro-Star International Co., Ltd.",MICRO STAR,3658084,MICRO STAR INTL CO LTD,magerman|like_ctry,TW,31,Y
TW22178368,"Micro-Star International Co., Ltd.",MICRO STAR,4302266,MICRO STAR INTERNAT CORP LTD,magerman|like_ctry,TW,13,Y
TW22178368,"Micro-Star International Co., Ltd.",MICRO STAR,4529247,MICRO STAR INTERNAT COMPANY LTD,magerman|like_ctry,TW,20,Y
TW47255762,Microelectronics Technology INC,MICROELECTRONICS TECHNOLOGY,873651,MICROELECTRONICS TECHNOLOGY,magerman|exact,TW,2,Y
TW47255762,Microelectronics Technology INC,MICROELECTRONICS TECHNOLOGY,873651,MICROELECTRONICS TECHNOLOGY,manual|exact,TW,2,Y
TW53677966,Mitac Holdings Corporation,MITAC,15536074,MITAC CO LTD,magerman|like_ctry,TW,2,Y
TW53677966,Mitac Holdings Corporation,MITAC,15549929,MITAC INTERNAT CO LTD,magerman|like_ctry,TW,1,Y
TW53677966,Mitac Holdings Corporation,MITAC,15554011,MITAC INTERNAT CO,magerman|like_ctry,TW,1,Y
TW53677966,Mitac Holdings Corporation,MITAC,15566441,MITAC INTERNAT CORPATION,magerman|like_ctry,TW,1,Y
TW53677966,Mitac Holdings Corporation,MITAC,161902,MITAC INT CORP,magerman|like_ctry,TW,3559,Y
TW53677966,Mitac Holdings Corporation,MITAC,3859141,MITAC INC,magerman|like_ctry,TW,19,Y
TW53677966,Mitac Holdings Corporation,MITAC,9686974,MITAC INTERNAT CORP HISNCHU,magerman|like_ctry,TW,1,Y
TW89390656,Nanya Technology Corporation,NANYA TECHNOLOGY,152599532,NANYA TECHNOLOGY CORP.,magerman|like_ctry,TW,1,Y
TW89390656,Nanya Technology Corporation,NANYA TECHNOLOGY,16757682,NANYA TECHNOLOGY COROPORATION,magerman|like_ctry,TW,1,Y
TW89390656,Nanya Technology Corporation,NANYA TECHNOLOGY,18505881,NANYA TECHNOLOGY CORPORATIO,magerman|like_ctry,TW,3,Y
TW89390656,Nanya Technology Corporation,NANYA TECHNOLOGY,3638828,NANYA TECHNOLOGY GROUP,magerman|like_ctry,TW,1,Y
TW89390656,Nanya Technology Corporation,NANYA TECHNOLOGY,3701747,NANYA TECHNOLOGY CORPORATIION,magerman|like_ctry,TW,1,Y
TW89390656,Nanya Technology Corporation,NANYA TECHNOLOGY,40064,NANYA TECHNOLOGY CORP,magerman|like_ctry,TW,2836,Y
TW89390656,Nanya Technology Corporation,NANYA TECHNOLOGY,8110140,NANYA TECHNOLOGY CO LTD,magerman|like_ctry,TW,5,Y
TW89390656,Nanya Technology Corporation,NANYA TECHNOLOGY,9599302,NANYA TECHNOLOGY CORP KUEISHAN,magerman|like_ctry,TW,10,Y
TW84149955,Novatek Microelectronics Corporation,NOVATEK MICROELECTRONICS,3056729,NOVATEK MICROELECTRONICS CO,magerman|like_ctry,TW,2,Y
TW28689155,Pegatron Corporation,PEGATRON,1130981,PEGATRON CORP,magerman|like_ctry,TW,1562,Y
TW28689155,Pegatron Corporation,PEGATRON,17925195,PEGATRON CO LTD,magerman|like_ctry,TW,2,Y
TW12649951,Phison Electronics Corp.,PHISON ELECTRONICS,110952687,Phison Electronics Corp.,magerman|like_ctry,TW,1,Y
TW12649951,Phison Electronics Corp.,PHISON ELECTRONICS,434790,PHISON ELECTRONICS CORP,magerman|like_ctry,TW,1480,Y
TW16633261,Pixart Imaging Inc.,PIXART IMAGING,152643464,PixArt Imaging Inc.,magerman|like_ctry,TW,1,Y
TW16633261,Pixart Imaging Inc.,PIXART IMAGING,2206130,PIXART IMAGING INC,magerman|like_ctry,TW,2277,Y
TW16633261,Pixart Imaging Inc.,PIXART IMAGING,3234602,PIXART IMAGING INC R O C,magerman|like_ctry,TW,26,Y
TW58711014,POU Chen Corporation,POU CHEN,18417512,POU CHEN CORPORATIO,magerman|like_ctry,TW,1,Y
TW58711014,POU Chen Corporation,POU CHEN,18494874,POU CHEN COPORATION,magerman|like_ctry,TW,6,Y
TW84149385,Powerchip Technology Corporation,POWERCHIP TECHNOLOGY,4035127,POWERCHIP TECHNOLOGY CORP,magerman|like_ctry,TW,307,Y
TW16082267,Powertech Technology Inc.,POWERTECH TECHNOLOGY,111114800,Powertech Technology Inc,magerman|like_ctry,TW,1,Y
TW16082267,Powertech Technology Inc.,POWERTECH TECHNOLOGY,111431776,Powertech Technology Inc.,magerman|like_ctry,TW,1,Y
TW16082267,Powertech Technology Inc.,POWERTECH TECHNOLOGY,2981482,POWERTECH TECHNOLOGY INC,magerman|like_ctry,TW,765,Y
TW28006928,Primax Electronics Limited,PRIMAX ELECTRONICS,106310491,Primax Electronics Ltd.,magerman|like_ctry,TW,1,Y
TW28006928,Primax Electronics Limited,PRIMAX ELECTRONICS,16134382,PRIMAX ELECTRONICS,magerman|exact,TW,2,Y
TW28006928,Primax Electronics Limited,PRIMAX ELECTRONICS,470046,PRIMAX ELECTRONICS LTD,magerman|like_ctry,TW,2789,Y
TW84149809,Promos Technologies Inc.,PROMOS TECH,3079267,PROMOS TECH INC,patstat_std|like_ctry,TW,3,Y
TW84149809,Promos Technologies Inc.,PROMOS TECHNOLOGIES,40065,PROMOS TECHNOLOGIES INC,magerman|like_ctry,TW,1495,Y
TW12490306,Qisda Corporation,QISDA,1039166,QISDA CORP,magerman|like_ctry,TW,2004,Y
TW12490306,Qisda Corporation,QISDA,18392963,QISDA CORPORATIO,magerman|like_ctry,TW,9,Y
TW22822281,Quanta Computer Inc.,QUANTA COMPUTER,150032969,QUANTA COMPUTER INC.,magerman|like_ctry,TW,5,Y
TW22822281,Quanta Computer Inc.,QUANTA COMPUTER,151549875,QUANTA COMPUTER INC.,magerman|like_ctry,TW,2,Y
TW22822281,Quanta Computer Inc.,QUANTA COMP,408985,QUANTA COMP INC,patstat_std|like_ctry,TW,3812,Y
TW22101208,Radiant Opto-Electronics Corp.,RADIANT OPTO ELECTRONICS,18365122,RADIANT OPTO ELECTRONICS CORPORATIO,magerman|like_ctry,TW,2,Y
TW22101208,Radiant Opto-Electronics Corp.,RADIANT OPTO ELECTRONICS,2328603,RADIANT OPTO ELECTRONICS CORP,magerman|like_ctry,TW,483,Y
TW80532726,Raydium Semiconductor Corp.,RAYDIUM SEMICONDUCTOR,18426809,RAYDIUM SEMICONDUCTOR CORPORTATION,magerman|like_ctry,TW,8,Y
TW80532726,Raydium Semiconductor Corp.,RAYDIUM SEMICONDUCTOR,2223772,RAYDIUM SEMICONDUCTOR CORP,magerman|like_ctry,TW,746,Y
TW22671299,Realtek Semiconductor Corp.,REALTEK SEMICONDUCTOR,107513185,Realtek Semiconductor Corporation,magerman|like_ctry,TW,1,Y
TW22671299,Realtek Semiconductor Corp.,REALTEK SEMICONDUCTOR,108049121,Realtek Semiconductor Corp.,magerman|like_ctry,TW,1,Y
TW22671299,Realtek Semiconductor Corp.,REALTEK SEMICONDUCTOR,49888,REALTEK SEMICONDUCTOR CORP,magerman|like_ctry,TW,4079,Y
TW22671299,Realtek Semiconductor Corp.,REALTEK SEMICONDUCTOR,7812242,REALTEK SEMICONDUCTOR CO LTD,magerman|like_ctry,TW,11,Y
TW24004006,"Sanyang Motor Co., Ltd.",SANYANG INDUSTRY,1834003,SANYANG INDUSTRY CO LTD,manual|like_ctry,TW,1556,Y
TW24004006,"Sanyang Motor Co., Ltd.",SANYANG MOTOR,22918054,SANYANG MOTOR CO LTD,magerman|like_ctry,TW,57,Y
TW86690573,Sercomm Corporation,SERCOMM,397039,SERCOMM CORP,magerman|like_ctry,TW,239,Y
TW22099202,Silicon Integrated Systems Corp.,Silicon Integrated Systems Corp.,110918609,Silicon Integrated Systems Corp.,original|exact,TW,1,Y
TW22099202,Silicon Integrated Systems Corp.,SILICON INTEGRATED SYSTEMS,111166422,Silicon Integrated Systems Corp.,magerman|like_ctry,TW,1,Y
TW55991080,Siliconware Precision Industries Company Limited,SILICONWARE PREC,3194888,SILICONWARE PREC IND LTD,patstat_std|like_ctry,TW,3,Y
TW55991080,Siliconware Precision Industries Company Limited,SILICONWARE PREC,3258054,SILICONWARE PREC IND CO L,patstat_std|like_ctry,TW,3,Y
TW55991080,Siliconware Precision Industries Company Limited,SILICONWARE PREC,3436445,SILICONWARE PREC IND CO LETD,patstat_std|like_ctry,TW,1,Y
TW86620351,Simplo Tchnology Company Limited,SIMPLO TECHNOLOGY,18948824,SIMPLO TECHNOLOGY COMPANY LTD,manual|like_ctry,TW,19,Y
TW47238650,Sino-American Silicon Products Inc.,SINO AMERICAN SILICON PRODUCTS,18094311,SINO AMERICAN SILICON PRODUCTS LNC,magerman|like_ctry,TW,11,Y
TW47238650,Sino-American Silicon Products Inc.,SINO AMERICAN SILICON PROD,2093363,SINO AMERICAN SILICON PROD INC,patstat_std|like_ctry,TW,233,Y
TW86735240,Sitronix Technology Corporation,SITRONIX TECHNOLOGY,2234355,SITRONIX TECHNOLOGY CORP,magerman|like_ctry,TW,494,Y
TW81231585,Soft-World International Corporation,SOFT WORLD,18490662,SOFT WORLD INTERNAT CORP,magerman|like_ctry,TW,9,Y
TW97063584,Sonix Technology Company Limited,SONIX TECHNOLOGY,78595,SONIX TECHNOLOGY CO LTD,magerman|like_ctry,TW,192,Y
TW23821182,"Sunplus Technology Co., Ltd.",SUNPLUS TECHNOLOGY,3891563,SUNPLUS TECHNOLOGY COL LTD,magerman|like_ctry,TW,1,Y
TW23821182,"Sunplus Technology Co., Ltd.",SUNPLUS TECHNOLOGY,84524,SUNPLUS TECHNOLOGY CO LTD,magerman|like_ctry,TW,1478,Y
TW03795904,Taiwan Power Company,TAIWAN POWER,15569508,TAIWAN POWER CO LTD,magerman|like_ctry,TW,4,Y
TW03795904,Taiwan Power Company,TAIWAN POWER,2759257,TAIWAN POWER IND CO LTD,magerman|like_ctry,TW,2,Y
TW03795904,Taiwan Power Company,TAIWAN POWER,3832013,TAIWAN POWER CO,magerman|like_ctry,TW,82,Y
TW34286449,"Taiwan Semiconductor Co., Ltd.",TAIWAN SEMICONDUCTOR,2555380,TAIWAN SEMICONDUCTOR,magerman|exact,TW,3,Y
TW34286449,"Taiwan Semiconductor Co., Ltd.",TAIWAN SEMICONDUCTOR,2257131,TAIWAN SEMICONDUCTOR CO LTD,magerman|like_ctry,TW,68,Y
TW34286449,"Taiwan Semiconductor Co., Ltd.",TAIWAN SEMICONDUCTOR,110984990,"Taiwan Semiconductor Company, Ltd.",magerman|like_ctry,TW,1,Y
TW34286449,Taiwan Semiconductor Manufacturing Company Limited,TAIWAN SEMICONDUCTOR,2307657,TAIWAN SEMICONDUCTOR MANFACTUR,magerman|like_ctry,TW,8,Y
TW34286449,Taiwan Semiconductor Manufacturing Company Limited,TAIWAN SEMICONDUCTOR,4180619,TAIWAN SEMICONDUCTOR MANFACTURING CO LTD,magerman|like_ctry,TW,1,Y
TW34286449,Taiwan Semiconductor Manufacturing Company Limited,TAIWAN SEMICONDUCTOR,4347252,TAIWAN SEMICONDUCTOR MANFACTURING COMPANY LTD,magerman|like_ctry,TW,15,Y
TW34286449,Taiwan Semiconductor Manufacturing Company Limited,TAIWAN SEMICONDUCTOR,3112365,TAIWAN SEMICONDUCTOR MANUAFACT,magerman|like_ctry,TW,2,Y
TW34286449,Taiwan Semiconductor Manufacturing Company Limited,TAIWAN SEMICONDUCTOR,3299551,TAIWAN SEMICONDUCTOR MANUFACTI,magerman|like_ctry,TW,1,Y
TW34286449,Taiwan Semiconductor Manufacturing Company Limited,TAIWAN SEMICONDUCTOR,2373459,TAIWAN SEMICONDUCTOR MANUFACTO,magerman|like_ctry,TW,7,Y
TW34286449,Taiwan Semiconductor Manufacturing Company Limited,TAIWAN SEMICONDUCTOR,21764882,TAIWAN SEMICONDUCTOR MANUFACTRING CO LTD,magerman|like_ctry,TW,2,Y
TW34286449,Taiwan Semiconductor Manufacturing Company Limited,TAIWAN SEMICONDUCTOR,4362707,TAIWAN SEMICONDUCTOR MANUFACTRING COMPANY LTD,magerman|like_ctry,TW,2,Y
TW34286449,Taiwan Semiconductor Manufacturing Company Limited,TAIWAN SEMICONDUCTOR,106042706,"Taiwan Semiconductor Manufactruing Co., Ltd.",magerman|like_ctry,TW,2,Y
TW34286449,Taiwan Semiconductor Manufacturing Company Limited,TAIWAN SEMICONDUCTOR,18706447,TAIWAN SEMICONDUCTOR MANUFACTRUING COMPANY LTD,magerman|like_ctry,TW,3,Y
TW34286449,Taiwan Semiconductor Manufacturing Company Limited,TAIWAN SEMICONDUCTOR,111424172,"Taiwan Semiconductor Manufactuirng Co., Ltd.",magerman|like_ctry,TW,1,Y
TW34286449,Taiwan Semiconductor Manufacturing Company Limited,TAIWAN SEMICONDUCTOR,105972059,"Taiwan Semiconductor Manufacturing Co., Ltd.",magerman|like_ctry,TW,1,Y
TW34286449,Taiwan Semiconductor Manufacturing Company Limited,TAIWAN SEMICONDUCTOR,111155908,Taiwan Semiconductor Manufacturing Company,magerman|like_ctry,TW,1,Y
TW34286449,Taiwan Semiconductor Manufacturing Company Limited,TAIWAN SEMICONDUCTOR,148434059,Taiwan Semiconductor Manufacturing Company Limited,magerman|like_ctry,TW,1,Y
TW34286449,Taiwan Semiconductor Manufacturing Company Limited,TAIWAN SEMICONDUCTOR,110699250,Taiwan Semiconductor Manufacturing Company Ltd. (TSMC),magerman|like_ctry,TW,2,Y
TW34286449,Taiwan Semiconductor Manufacturing Company Limited,TAIWAN SEMICONDUCTOR,111490405,"Taiwan Semiconductor Manufacturing Company, Ltd.",magerman|like_ctry,TW,1,Y
TW34286449,Taiwan Semiconductor Manufacturing Company Limited,TAIWAN SEMICONDUCTOR,152545385,"Taiwan Semiconductor Manufacturing Company, Ltd.",magerman|like_ctry,TW,1,Y
TW34286449,Taiwan Semiconductor Manufacturing Company Limited,TAIWAN SEMICONDUCTOR,111007554,"Taiwan Semiconductor Manufacturing Company, Ltd. (TSMC)",magerman|like_ctry,TW,2,Y
TW34286449,Taiwan Semiconductor Manufacturing Company Limited,TAIWAN SEMICONDUCTOR,107268514,"Taiwan Semiconductor Manufacturing Companym, Ltd.",magerman|like_ctry,TW,5,Y
TW34286449,Taiwan Semiconductor Manufacturing Company Limited,TAIWAN SEMICONDUCTOR,4292159,TAIWAN SEMICONDUCTOR MANUFACUTRING COMPANY LTD,magerman|like_ctry,TW,2,Y
TW34286449,Taiwan Semiconductor Manufacturing Company Limited,TAIWAN SEMICONDUCTOR,108633155,"Taiwan Semiconductor Manufacuturing Co., Ltd.",magerman|like_ctry,TW,1,Y
TW34286449,Taiwan Semiconductor Manufacturing Company Limited,TAIWAN SEMICONDUCTOR,107955549,"Taiwan Semiconductor Manufacuturing Company, Ltd.",magerman|like_ctry,TW,1,Y
TW34286449,Taiwan Semiconductor Manufacturing Company Limited,TAIWAN SEMICONDUCTOR,4477057,TAIWAN SEMICONDUCTOR MANUFATURING COMPANY LTD,magerman|like_ctry,TW,2,Y
TW34286449,Taiwan Semiconductor Manufacturing Company Limited,TAIWAN SEMICONDUCTOR,3591264,TAIWAN SEMICONDUCTOR MANUFCTUR,magerman|like_ctry,TW,1,Y
TW34286449,Taiwan Semiconductor Manufacturing Company Limited,TAIWAN SEMICONDUCTOR,18444116,TAIWAN SEMICONDUCTOR MATERIAL TECHNOLOGY CO LTD,magerman|like_ctry,TW,2,Y
TW34286449,Taiwan Semiconductor Manufacturing Company Limited,TAIWAN SEMICONDUCTOR,2510907,TAIWAN SEMICONDUCTOR MAUFACTUR,magerman|like_ctry,TW,4,Y
TW34286449,Taiwan Semiconductor Manufacturing Company Limited,TAIWAN SEMICONDUCTOR,2384964,TAIWAN SEMICONDUCTOR MAUNFACTU,magerman|like_ctry,TW,2,Y
TW34286449,Taiwan Semiconductor Manufacturing Company Limited,TAIWAN SEMICONDUCTOR,12576,TAIWAN SEMICONDUCTOR MFG,magerman|like_ctry,TW,32821,Y
TW22099131,Taiwan Semiconductor Manufacturing Company Limited,TAIWAN SEMICONDUCTOR MFG,22250379,TAIWAN SEMICONDUCTOR MFG & COMPANY LTD,patstat_std|like_ctry,TW,1,Y
TW34286449,Taiwan Semiconductor Manufacturing Company Limited,TAIWAN SEMICONDUCTOR,2968921,TAIWAN SEMICONDUCTOR MFG CO IN,magerman|like_ctry,TW,5,Y
TW34286449,Taiwan Semiconductor Manufacturing Company Limited,TAIWAN SEMICONDUCTOR,20492878,TAIWAN SEMICONDUCTOR MFG CO LTD,magerman|like_ctry,TW,51,Y
TW34286449,Taiwan Semiconductor Manufacturing Company Limited,TAIWAN SEMICONDUCTOR,2292480,TAIWAN SEMICONDUCTOR MFG CO M,magerman|like_ctry,TW,1,Y
TW34286449,Taiwan Semiconductor Manufacturing Company Limited,TAIWAN SEMICONDUCTOR,148375743,"Taiwan Semiconductor Mfg Co, Ltd",magerman|like_ctry,TW,1,Y
TW34286449,Taiwan Semiconductor Manufacturing Company Limited,TAIWAN SEMICONDUCTOR,2828768,TAIWAN SEMICONDUCTOR MFG COMAP,magerman|like_ctry,TW,3,Y
TW34286449,Taiwan Semiconductor Manufacturing Company Limited,TAIWAN SEMICONDUCTOR,19584889,TAIWAN SEMICONDUCTOR MFG COMAPNY LTD,magerman|like_ctry,TW,11,Y
TW34286449,Taiwan Semiconductor Manufacturing Company Limited,TAIWAN SEMICONDUCTOR,3454991,TAIWAN SEMICONDUCTOR MFG COMP,magerman|like_ctry,TW,1,Y
TW34286449,Taiwan Semiconductor Manufacturing Company Limited,TAIWAN SEMICONDUCTOR,23899515,TAIWAN SEMICONDUCTOR MFG COMPANY LTD & NAT TAIWAN UNIV,magerman|like_ctry,TW,2,Y
TW34286449,Taiwan Semiconductor Manufacturing Company Limited,TAIWAN SEMICONDUCTOR,21757823,TAIWAN SEMICONDUCTOR MFG COMPNAY LTD,magerman|like_ctry,TW,3,Y
TW34286449,Taiwan Semiconductor Manufacturing Company Limited,TAIWAN SEMICONDUCTOR,2937630,TAIWAN SEMICONDUCTOR MFG GO LTD,magerman|like_ctry,TW,1,Y
TW34286449,Taiwan Semiconductor Manufacturing Company Limited,TAIWAN SEMICONDUCTOR,4415588,TAIWAN SEMICONDUCTOR MFG INC,magerman|like_ctry,TW,1,Y
TW34286449,Taiwan Semiconductor Manufacturing Company Limited,TAIWAN SEMICONDUCTOR,3790595,TAIWAN SEMICONDUCTOR MFG XO LT,magerman|like_ctry,TW,1,Y
TW11026506,Tatung Company Limited,TATUNG,144808,TATUNG CO,magerman|like_ctry,TW,1028,Y
TW11026506,Tatung Company Limited,TATUNG,18506104,TATUNG COMPAN,magerman|like_ctry,TW,1,Y
TW11026506,Tatung Company Limited,TATUNG,886006,TATUNG CO LTD,magerman|like_ctry,TW,589,Y
TW11332202,"Teco Electric & Machinery Co., Ltd.",TECO ELECTRIC & MACHINERY,20795342,TECO ELECTRIC & MACHINERY CO LTD,magerman|like_ctry,TW,4,Y
TW16284926,"TWI Pharmaceuticals, Inc.",TWI PHARMACEUTICALS,2144723,TWI PHARMACEUTICALS INC,magerman|like_ctry,TW,15,Y
TW23535435,Unimicron Technology Corporation,UNIMICRON TECHNOLOGY,149904181,Unimicron Technology Corp.,magerman|like_ctry,TW,1,Y
TW23535435,Unimicron Technology Corporation,UNIMICRON TECHNOLOGY,1774332,UNIMICRON TECHNOLOGY CORP,magerman|like_ctry,TW,1402,Y
TW23535435,Unimicron Technology Corporation,UNIMICRON TECHNOLOGY,18368300,UNIMICRON TECHNOLOGY CROP,magerman|like_ctry,TW,23,Y
TW23535435,Unimicron Technology Corporation,UNIMICRON TECH,23523530,UNIMICRON TECH CORP,patstat_std|like_ctry,TW,2,Y
TW47217677,United Microelectronics Corporation,UNITED MICROELECTRONICS,109434921,United Microelectronics Corp.,magerman|like_ctry,TW,1,Y
TW47217677,United Microelectronics Corporation,UNITED MICROELECTRONICS,111638349,United Microelectronics Corp.,magerman|like_ctry,TW,2,Y
TW47217677,United Microelectronics Corporation,UNITED MICROELECTRONICS,152617484,UNITED MICROELECTRONICS CORP.,magerman|like_ctry,TW,1,Y
TW47217677,United Microelectronics Corporation,UNITED MICROELECTRONICS,152635335,UNITED MICROELECTRONICS CORP.,magerman|like_ctry,TW,1,Y
TW47217677,United Microelectronics Corporation,UNITED MICROELECTRONICS,2338898,UNITED MICROELECTRONICS CROP,magerman|like_ctry,TW,12,Y
TW47217677,United Microelectronics Corporation,UNITED MICROELECTRONICS,2544479,UNITED MICROELECTRONICS COPR,magerman|like_ctry,TW,3,Y
TW47217677,United Microelectronics Corporation,UNITED MICROELECTRONICS,2634025,UNITED MICROELECTRONICS,magerman|exact,TW,8,Y
TW47217677,United Microelectronics Corporation,UNITED MICROELECTRONICS,3575753,UNITED MICROELECTRONICS CORPS,magerman|like_ctry,TW,2,Y
TW47217677,United Microelectronics Corporation,UNITED MICROELECTRONICS,4289844,UNITED MICROELECTRONICS CO,magerman|like_ctry,TW,13,Y
TW47217677,United Microelectronics Corporation,UNITED MICROELECTRONICS,502545,UNITED MICROELECTRONICS CORP,magerman|like_ctry,TW,11135,Y
TW28999503,Unizyx Holding Corporation,ZYXEL COMMUNICATIONS,109917274,Zyxel Communications Corp,manual|like_ctry,TW,3,Y
TW28999503,Unizyx Holding Corporation,ZYXEL COMMUNICATIONS,130529,ZYXEL COMMUNICATIONS CORP,manual|like_ctry,TW,157,Y
TW84149358,Vanguard International Semiconductor Corporation,VANGUARD,2163244,VANGUARD INT SEMICONDUCT CORP,magerman|like_ctry,TW,1664,Y
TW84149358,Vanguard International Semiconductor Corporation,VANGUARD,3271521,VANGUARD SEMICONDUCTOR LTD,magerman|like_ctry,TW,1,Y
TW84149358,Vanguard International Semiconductor Corporation,VANGUARD,3476638,VANGUARD INTERNATIONAL,magerman|like_ctry,TW,1,Y
TW84149358,Vanguard International Semiconductor Corporation,VANGUARD,3566865,VANGUARD INT L SEMICONDUCTOR C,magerman|like_ctry,TW,1,Y
TW22099218,Winbond Electronics Corporation,WINBOND ELECTRONICS,108561192,Winbond Electronics Corporation,magerman|like_ctry,TW,1,Y
TW22099218,Winbond Electronics Corporation,WINBOND ELECTRONICS,111298501,Winbond Electronics Corporation,magerman|like_ctry,TW,1,Y
TW22099218,Winbond Electronics Corporation,WINBOND ELECTRONICS,15539768,WINBOND ELECTRONICS EORPORATIO,magerman|like_ctry,TW,1,Y
TW22099218,Winbond Electronics Corporation,WINBOND ELECTRONICS,9581829,WINBOND ELECTRONICS CORP HSIN,magerman|like_ctry,TW,1,Y
TW22100398,Wintek Corporation,WINTEK,18395233,WINTEK CORPORATIO,magerman|like_ctry,TW,5,Y
TW22100398,Wintek Corporation,WINTEK,615864,WINTEK CORP,magerman|like_ctry,TW,3018,Y
TW22100398,Wintek Corporation,WINTEK,9684457,WINTEK CO,manual|like_ctry,TW,1,Y
TW12868358,Wistron Corporation,WISTRON,15538154,WISTRON CORPROATION,magerman|like_ctry,TW,1,Y
TW12868358,Wistron Corporation,WISTRON,17224679,WISTRON KUNSHAN CO LTD,magerman|like_ctry,TW,172,Y
TW12868358,Wistron Corporation,WISTRON,18398879,WISTRON CORPORATIO,magerman|like_ctry,TW,3,Y
KR1101112487050,LG Electronics Inc.,LG,106968326,"LG Electro{dot over (n)}ics, Inc.",magerman|like_ctry,KR,2,
