,"doc_std_name","doc_std_name_id","check","orbis_id","orbis_name","name_type_x","number_patents","elastic_score","levensthein_score","jaro_winkler_score","ratcliff_obershelp_score","pam_score","query","guo_id","guo_name"
98,", ALBEMARLE NETHERLANDS B.V.",111350294,"n","NL28071667","FMC CHEMICALS NETHERLANDS B.V .","original",1,21,74,1,1,74,"restricted_to_jurisdiction","US940479804","FMC CORP"
99,", ALBEMARLE NETHERLANDS B.V.",111350294,"n","NL28071667","FMC CHEMICALS NETHERLANDS B.V .","original",1,21,74,1,1,74,"restricted_to_jurisdiction","US940479804","FMC CORP"
95,", ASML Netherlands B.V.",151437807,"n","NL69723885","FMC NETHERLANDS HOLDINGS B.V .","original",1,21,67,1,1,72,"restricted_to_jurisdiction","US940479804","FMC CORP"
23,", BOEHRINGER INGELHEIM INTERNATIONAL GMBH",145222057,"x","DE6190012559","BOEHRINGER INGELHEIM INTERNATIONAL GMBH","original",1,32,100,1,1,97,"restricted_to_jurisdiction","DE6190007083","C.H. BOEHRINGER SOHN AG & CO. KG"
24,", BOEHRINGER INGELHEIM INTERNATIONAL GMBH",145222057,"x","DE6190012559","BOEHRINGER INGELHEIM INTERNATIONAL GMBH","original",1,32,100,1,1,97,"restricted_to_jurisdiction","DE6190007083","C.H. BOEHRINGER SOHN AG & CO. KG"
94,", HGST NETHERLANDS B.V.",145223096,"n","NL69723885","FMC NETHERLANDS HOLDINGS B.V .","original",3,21,79,1,1,74,"restricted_to_jurisdiction","US940479804","FMC CORP"
330,"3S INTERNATIONAL LLC",19653635,"n","US319116437L","FMC INTERNATIONAL LLC","original",2,11,88,1,1,73,"restricted_to_jurisdiction","US940479804","FMC CORP"
281,"ABEY AUSTRALIA PTY LTD",1642002,"n","AU058452556","ACAP AUSTRALIA PTY LTD","original",5,13,86,1,1,71,"restricted_to_jurisdiction","US811789115","ALCOA CORPORATION"
156,"ADP INTERNATIONAL B.V.",111756999,"n","NL20065282","CARAT INTERNATIONAL B.V .","original",1,18,77,1,1,80,"restricted_to_jurisdiction","JP2120001139864","KOKI HOLDINGS CO."
201,"ADVANTEC AUSTRALASIA PTY LTD",5278142,"n","AU095326891","FMC AUSTRALASIA PTY LTD","original",5,16,75,1,1,78,"restricted_to_jurisdiction","US940479804","FMC CORP"
282,"AECOM AUSTRALIA PTY LTD",23637946,"n","AU058452556","ACAP AUSTRALIA PTY LTD","original",1,13,89,1,1,73,"restricted_to_jurisdiction","US811789115","ALCOA CORPORATION"
332,"AIBC INTERNATIONAL LLC",23483096,"n","US319116437L","FMC INTERNATIONAL LLC","original",1,11,88,1,1,71,"restricted_to_jurisdiction","US940479804","FMC CORP"
101,"Albemarle Netherlands, B.V.",107268775,"n","NL68701748","FMC NEW NETHERLANDS B.V .","original",2,21,67,1,1,72,"restricted_to_jurisdiction","US940479804","FMC CORP"
87,"ALCOA AUSTRALIA",419214,"x","AU004879298","ALCOA AUSTRALIA LIMITED","original",40,22,79,1,1,90,"restricted_to_jurisdiction","US811789115","ALCOA CORPORATION"
88,"ALCOA AUSTRALIA",419214,"x","AU004879298","ALCOA AUSTRALIA LIMITED","original",40,22,79,1,1,90,"restricted_to_jurisdiction","US811789115","ALCOA CORPORATION"
244,"ALCOA COMMERCIAL WINDOWS LLC",4019597,"x","US262468574L","ALCOA WORLD ALUMINA LLC","original",2,14,63,1,1,68,"restricted_to_jurisdiction","US811789115","ALCOA CORPORATION"
89,"ALCOA CORPORATE CT",13813651,"x","US244305278L","ALCOA CORPORATE CENTER","original",1,22,75,1,1,92,"restricted_to_jurisdiction","US811789115","ALCOA CORPORATION"
273,"ALCOA INC",34215,"x","US149789143L","ALCOA PACKAGING","original",165,13,67,1,1,70,"restricted_to_jurisdiction","US811789115","ALCOA CORPORATION"
183,"Alcoa Inc.",110764310,"x","US255989843L","ALCOA INC QUALIFIED","original",1,16,64,1,1,74,"restricted_to_jurisdiction","US811789115","ALCOA CORPORATION"
184,"Alcoa Inc.",110764310,"x","US255989843L","ALCOA INC QUALIFIED","original",1,16,64,1,1,74,"restricted_to_jurisdiction","US811789115","ALCOA CORPORATION"
90,"ALCOA NEDERLAND BV",827985,"x","NL66023068","ALCOA NEDERLAND HOLDING B.V .","original",21,22,76,1,1,79,"restricted_to_jurisdiction","US811789115","ALCOA CORPORATION"
10,"ALCOA NORWAY ANS",17735857,"x","NO929514173","ALCOA NORWAY ANS","original",1,36,100,1,1,100,"restricted_to_jurisdiction","US811789115","ALCOA CORPORATION"
11,"ALCOA NORWAY ANS",17735857,"x","NO929514173","ALCOA NORWAY ANS","original",1,36,100,1,1,100,"restricted_to_jurisdiction","US811789115","ALCOA CORPORATION"
12,"ALCOA NORWAY ANS",17735857,"x","NO929514173","ALCOA NORWAY ANS","original",1,36,100,1,1,100,"restricted_to_jurisdiction","US811789115","ALCOA CORPORATION"
361,"ALCOA OF AUTRALIA LTD",1085498,"x","AU004879298","ALCOA AUSTRALIA LIMITED","original",2,11,82,1,1,70,"restricted_to_jurisdiction","US811789115","ALCOA CORPORATION"
362,"ALCOA OF AUTRALIA LTD",1085498,"x","AU004879298","ALCOA AUSTRALIA LIMITED","original",2,11,82,1,1,70,"restricted_to_jurisdiction","US811789115","ALCOA CORPORATION"
17,"ALCOA WORLD ALUMINA LLC",3984244,"x","US127904930L","ALCOA WORLD ALUMINA LLC","original",1,33,100,1,1,100,"restricted_to_jurisdiction","US811789115","ALCOA CORPORATION"
217,"ALERIS SWITZERLAND GMBH",134415,"n","CHCHE282417063","FMC SWITZERLAND GMBH","original",5,15,79,1,1,73,"restricted_to_jurisdiction","US940479804","FMC CORP"
132,"ALUMINERIE BÉCANCOUR INC",22599654,"x","CA149089317L","ALUMINERIE DE BECANCOUR INC","original",1,19,92,1,1,87,"restricted_to_jurisdiction","US811789115","ALCOA CORPORATION"
36,"AMAL THERAPEUTICS SA",24135943,"x","CHCHE270837659","AMAL THERAPEUTICS SA","original",2,29,100,1,1,100,"restricted_to_jurisdiction","DE6190007083","C.H. BOEHRINGER SOHN AG & CO. KG"
228,"AMARI AUSTRIA GMBH",23985393,"n","AT9030094309","FMC AGRO AUSTRIA GMBH","original",1,14,77,1,1,73,"restricted_to_jurisdiction","US940479804","FMC CORP"
229,"AMARI AUSTRIA GMBH",23985393,"n","AT9030094309","FMC AGRO AUSTRIA GMBH","original",1,14,77,1,1,73,"restricted_to_jurisdiction","US940479804","FMC CORP"
289,"AML PARTNERS LLC",22222394,"n","US266514512L","FMC PARTNERS LLC","original",1,13,88,1,1,73,"restricted_to_jurisdiction","US940479804","FMC CORP"
232,"AMSC AUSTRIA GMBH",4186635,"n","AT9030094309","FMC AGRO AUSTRIA GMBH","original",1,14,74,1,1,72,"restricted_to_jurisdiction","US940479804","FMC CORP"
233,"AMSC AUSTRIA GMBH",4186635,"n","AT9030094309","FMC AGRO AUSTRIA GMBH","original",1,14,74,1,1,72,"restricted_to_jurisdiction","US940479804","FMC CORP"
139,"ANDREAS MEYER CAMERA MOVING SY",1717223,"n","DE6190027631","ANDREAS MEYER-STRAÌÙE 31-35 GMBH","original",1,19,57,1,1,71,"restricted_to_jurisdiction","DE6190007083","C.H. BOEHRINGER SOHN AG & CO. KG"
104,"ANERGII - UNIPESSOAL LDA",23851003,"n","PT508907365","ORIONFIN , UNIPESSOAL , LDA","original",1,21,67,1,1,74,"restricted_to_jurisdiction","FI19992126","ORION OYJ"
285,"APP AUSTRALIA PTY LTD",5262056,"n","AU058452556","ACAP AUSTRALIA PTY LTD","original",1,13,93,1,1,75,"restricted_to_jurisdiction","US811789115","ALCOA CORPORATION"
75,"ARCH QUIMICA BRASIL LTDA",5678591,"n","BR04136367000198","FMC QUIMICA BRASIL LTDA .","original",1,23,81,1,1,79,"restricted_to_jurisdiction","US940479804","FMC CORP"
265,"ARIVINE PHARMA AG",1912484,"n","CHCHE107308273","ORION PHARMA AG","original",3,13,81,1,1,76,"restricted_to_jurisdiction","FI19992126","ORION OYJ"
283,"ASCERT AUSTRALIA PTY LTD",18929667,"n","AU058452556","ACAP AUSTRALIA PTY LTD","original",1,13,87,1,1,71,"restricted_to_jurisdiction","US811789115","ALCOA CORPORATION"
111,"ASKLEPIOS KLINIKEN VERWALTUNGSGESELLSCHAFT MBH",23854548,"n","DE2150647618","CHEMINOVA VERWALTUNGSGESELLSCHAFT MBH","original",1,21,75,1,1,84,"restricted_to_jurisdiction","US940479804","FMC CORP"
97,"ASMD NETHERLANDS B.V.",111846242,"n","NL69723885","FMC NETHERLANDS HOLDINGS B.V .","original",1,21,67,1,1,72,"restricted_to_jurisdiction","US940479804","FMC CORP"
100,"ASML Netherlands B.V.",111355563,"n","NL68701748","FMC NEW NETHERLANDS B.V .","original",1,21,70,1,1,74,"restricted_to_jurisdiction","US940479804","FMC CORP"
268,"ASSOS OF SWITZERLAND GMBH",23840521,"n","CHCHE282417063","FMC SWITZERLAND GMBH","original",1,13,76,1,1,72,"restricted_to_jurisdiction","US940479804","FMC CORP"
284,"ATH AUSTRALIA PTY LTD",24115523,"n","AU058452556","ACAP AUSTRALIA PTY LTD","original",1,13,88,1,1,73,"restricted_to_jurisdiction","US811789115","ALCOA CORPORATION"
142,"AUSTRALIAN DATA HOLDINGS PTY LTD",23394670,"n","AU096987370","ALCOA AUSTRALIAN HOLDINGS PTY LTD","original",1,18,83,1,1,72,"restricted_to_jurisdiction","US811789115","ALCOA CORPORATION"
143,"AUSTRALIAN DATA HOLDINGS PTY LTD",23394670,"n","AU096987370","ALCOA AUSTRALIAN HOLDINGS PTY LTD","original",1,18,83,1,1,72,"restricted_to_jurisdiction","US811789115","ALCOA CORPORATION"
301,"AVIVA USA CORP",2362549,"n","US*901564392","ALCOA USA CORP","original",1,12,79,1,1,69,"restricted_to_jurisdiction","US811789115","ALCOA CORPORATION"
260,"AVM Industries, LLC",106512541,"n","US228178586L","FMC INDUSTRIES LLC","original",1,14,89,1,1,79,"restricted_to_jurisdiction","US940479804","FMC CORP"
316,"B&G PARTNERS LLC",23064389,"n","US266514512L","FMC PARTNERS LLC","original",1,11,81,1,1,70,"restricted_to_jurisdiction","US940479804","FMC CORP"
327,"BBC INTERNATIONAL LLC",2989532,"n","US319116437L","FMC INTERNATIONAL LLC","original",1,11,90,1,1,75,"restricted_to_jurisdiction","US940479804","FMC CORP"
182,"Benz Research & Development Corporation",108033254,"n","US149135156L","FMC RESEARCH & DEVELOPMENT CENTER","original",2,17,71,1,1,67,"restricted_to_jurisdiction","US940479804","FMC CORP"
154,"BETEK NORGE AS",928236,"n","NO979964625","METABO NORGE AS","original",5,18,76,1,1,78,"restricted_to_jurisdiction","JP2120001139864","KOKI HOLDINGS CO."
162,"BIDACHEM SPA",770298,"x","IT06249710150","BIDACHEM S.P.A.","original",4,18,77,1,1,84,"restricted_to_jurisdiction","DE6190007083","C.H. BOEHRINGER SOHN AG & CO. KG"
163,"BIDACHEM SPA",770298,"x","IT06249710150","BIDACHEM S.P.A.","original",4,18,77,1,1,84,"restricted_to_jurisdiction","DE6190007083","C.H. BOEHRINGER SOHN AG & CO. KG"
164,"BIDACHEM SPA",770298,"x","IT06249710150","BIDACHEM S.P.A.","original",4,18,77,1,1,84,"restricted_to_jurisdiction","DE6190007083","C.H. BOEHRINGER SOHN AG & CO. KG"
134,"Bluecats Australia Pty Limited",152479801,"n","AU110199169","CHEMINOVA AUSTRALIA PTY LIMITED","original",3,19,79,1,1,80,"restricted_to_jurisdiction","US940479804","FMC CORP"
135,"Bluecats Australia Pty Limited",152479801,"n","AU110199169","CHEMINOVA AUSTRALIA PTY LIMITED","original",3,19,79,1,1,80,"restricted_to_jurisdiction","US940479804","FMC CORP"
271,"BNC IP SWITZERLAND GMBH",753447,"n","CHCHE217276764","FMC SWITZERLAND IV GMBH","original",4,13,87,1,1,76,"restricted_to_jurisdiction","US940479804","FMC CORP"
243,"BOEHRINGER BACKMITTEL GMBH & C",680128,"x","DE6190007305","BOEHRINGER INGELHEIM GMBH","original",1,14,57,1,1,67,"restricted_to_jurisdiction","DE6190007083","C.H. BOEHRINGER SOHN AG & CO. KG"
241,"BOEHRINGER INGEHLEIM INTERNAT GMBH",22676115,"x","DE6190314269","BOEHRINGER INGELHEIM BIOPHARMACEUTICALS GMBH","original",1,14,62,1,1,70,"restricted_to_jurisdiction","DE6190007083","C.H. BOEHRINGER SOHN AG & CO. KG"
242,"BOEHRINGER INGEHLEIM INTERNAT GMBH",22676115,"x","DE6190314269","BOEHRINGER INGELHEIM BIOPHARMACEUTICALS GMBH","original",1,14,62,1,1,70,"restricted_to_jurisdiction","DE6190007083","C.H. BOEHRINGER SOHN AG & CO. KG"
239,"BOEHRINGER INGEHLHEIM VETMEDICA GMBH",23630210,"x","DE6190177705","BOEHRINGER INGELHEIM AUSLANDSBETEILIGUNGS GMBH","original",2,14,61,1,1,70,"restricted_to_jurisdiction","DE6190007083","C.H. BOEHRINGER SOHN AG & CO. KG"
240,"BOEHRINGER INGEHLHEIM VETMEDICA GMBH",23630210,"x","DE6190177705","BOEHRINGER INGELHEIM AUSLANDSBETEILIGUNGS GMBH","original",2,14,61,1,1,70,"restricted_to_jurisdiction","DE6190007083","C.H. BOEHRINGER SOHN AG & CO. KG"
74,"BOEHRINGER INGELEHIM PHARMA KG",2694999,"x","DE2-164518","BOEHRINGER INIGEIHEIM PHARMA GMBH & CO KG","original",1,23,81,1,1,66,"restricted_to_jurisdiction","DE6190007083","C.H. BOEHRINGER SOHN AG & CO. KG"
64,"BOEHRINGER INGELHEIM AUSTRIA",106735,"x","AT9110534252","BOEHRINGER INGELHEIM RCV GMBH","original",9,24,70,1,1,87,"restricted_to_jurisdiction","DE6190007083","C.H. BOEHRINGER SOHN AG & CO. KG"
80,"BOEHRINGER INGELHEIM CA LTD",107781,"x","CA224288453L","BOEHRINGER INGELHEIM CANADA LTD","original",26,23,93,1,1,96,"restricted_to_jurisdiction","DE6190007083","C.H. BOEHRINGER SOHN AG & CO. KG"
33,"Boehringer Ingelheim Canada Ltd.",106415664,"x","CA224288453L","BOEHRINGER INGELHEIM CANADA LTD","original",1,30,100,1,1,100,"restricted_to_jurisdiction","DE6190007083","C.H. BOEHRINGER SOHN AG & CO. KG"
27,"BOEHRINGER INGELHEIM CHEMICALS",408062,"x","US132515739L","BOEHRINGER INGELHEIM CHEMICALS INC","original",7,32,94,1,1,97,"restricted_to_jurisdiction","DE6190007083","C.H. BOEHRINGER SOHN AG & CO. KG"
28,"BOEHRINGER INGELHEIM CHEMICALS",408062,"x","US132515739L","BOEHRINGER INGELHEIM CHEMICALS INC","original",7,32,94,1,1,97,"restricted_to_jurisdiction","DE6190007083","C.H. BOEHRINGER SOHN AG & CO. KG"
65,"BOEHRINGER INGELHEIM CORP",1591674,"x","DE6190077108","BOEHRINGER INGELHEIM GRUNDSTÌÏCKS-GMBH","original",1,24,72,1,1,86,"restricted_to_jurisdiction","DE6190007083","C.H. BOEHRINGER SOHN AG & CO. KG"
8,"BOEHRINGER INGELHEIM DANMARK A",9985660,"x","DK14450807","BOEHRINGER INGELHEIM DANMARK A/S","original",1,36,97,1,1,98,"restricted_to_jurisdiction","DE6190007083","C.H. BOEHRINGER SOHN AG & CO. KG"
9,"BOEHRINGER INGELHEIM DANMARK A",9985660,"x","DK14450807","BOEHRINGER INGELHEIM DANMARK A/S","original",1,36,97,1,1,98,"restricted_to_jurisdiction","DE6190007083","C.H. BOEHRINGER SOHN AG & CO. KG"
68,"BOEHRINGER INGELHEIM ESPANA",1424179,"x","ESA08084519","BOEHRINGER INGELHEIM SA","original",1,24,80,1,1,93,"restricted_to_jurisdiction","DE6190007083","C.H. BOEHRINGER SOHN AG & CO. KG"
69,"BOEHRINGER INGELHEIM ESPANA",1424179,"x","ESA08084519","BOEHRINGER INGELHEIM SA","original",1,24,80,1,1,93,"restricted_to_jurisdiction","DE6190007083","C.H. BOEHRINGER SOHN AG & CO. KG"
22,"BOEHRINGER INGELHEIM FRANCE",127674,"x","FR2-164511","BOEHRINGER INGELHEIM FRANCE SAS PARIS","original",1,32,84,1,1,82,"restricted_to_jurisdiction","DE6190007083","C.H. BOEHRINGER SOHN AG & CO. KG"
62,"BOEHRINGER INGELHEIM INT",4597,"x","DE6190073305","BOEHRINGER INGELHEIM EUROPE GMBH","original",1896,24,71,1,1,87,"restricted_to_jurisdiction","DE6190007083","C.H. BOEHRINGER SOHN AG & CO. KG"
63,"BOEHRINGER INGELHEIM INT",4597,"x","DE6190073305","BOEHRINGER INGELHEIM EUROPE GMBH","original",1896,24,71,1,1,87,"restricted_to_jurisdiction","DE6190007083","C.H. BOEHRINGER SOHN AG & CO. KG"
41,"Boehringer Ingelheim International GMBH & co., KG",111366592,"x","DE6190143582","BOEHRINGER INGELHEIM PHARMA GMBH & CO. KG","original",1,27,75,1,1,66,"restricted_to_jurisdiction","DE6190007083","C.H. BOEHRINGER SOHN AG & CO. KG"
42,"Boehringer Ingelheim International GMBH & co., KG",111366592,"x","DE6190143582","BOEHRINGER INGELHEIM PHARMA GMBH & CO. KG","original",1,27,75,1,1,66,"restricted_to_jurisdiction","DE6190007083","C.H. BOEHRINGER SOHN AG & CO. KG"
66,"BOEHRINGER INGELHEIM ITALIA",576460,"x","US145176465L","BOEHRINGER INGELHEIM GG CHEMIK","original",4,24,70,1,1,87,"restricted_to_jurisdiction","DE6190007083","C.H. BOEHRINGER SOHN AG & CO. KG"
67,"BOEHRINGER INGELHEIM ITALIA",576460,"x","US145176465L","BOEHRINGER INGELHEIM GG CHEMIK","original",4,24,70,1,1,87,"restricted_to_jurisdiction","DE6190007083","C.H. BOEHRINGER SOHN AG & CO. KG"
52,"BOEHRINGER INGELHEIM LTD",1621470,"x","CA224288453L","BOEHRINGER INGELHEIM CANADA LTD","original",4,25,87,1,1,94,"restricted_to_jurisdiction","DE6190007083","C.H. BOEHRINGER SOHN AG & CO. KG"
61,"BOEHRINGER INGELHEIM MICROPART",17534,"x","DE6190043128","BOEHRINGER INGELHEIM FINANZIERUNGS GMBH","original",67,24,58,1,1,82,"restricted_to_jurisdiction","DE6190007083","C.H. BOEHRINGER SOHN AG & CO. KG"
29,"BOEHRINGER INGELHEIM PHARMA",1287,"x","DE6190143582","BOEHRINGER INGELHEIM PHARMA GMBH & CO. KG","original",1277,32,83,1,1,81,"restricted_to_jurisdiction","DE6190007083","C.H. BOEHRINGER SOHN AG & CO. KG"
30,"BOEHRINGER INGELHEIM PHARMA",1287,"x","DE6190143582","BOEHRINGER INGELHEIM PHARMA GMBH & CO. KG","original",1277,32,83,1,1,81,"restricted_to_jurisdiction","DE6190007083","C.H. BOEHRINGER SOHN AG & CO. KG"
18,"Boehringer Ingelheim Pharma GmbH & Co., KG",108089122,"x","DE6190143582","BOEHRINGER INGELHEIM PHARMA GMBH & CO. KG","original",1,33,100,1,1,90,"restricted_to_jurisdiction","DE6190007083","C.H. BOEHRINGER SOHN AG & CO. KG"
19,"Boehringer Ingelheim Pharma GmbH & Co., KG",108089122,"x","DE6190143582","BOEHRINGER INGELHEIM PHARMA GMBH & CO. KG","original",1,33,100,1,1,90,"restricted_to_jurisdiction","DE6190007083","C.H. BOEHRINGER SOHN AG & CO. KG"
15,"Boehringer Ingelheim Pharma KG",107807610,"x","DE6190143582","BOEHRINGER INGELHEIM PHARMA GMBH & CO. KG","original",1,34,88,1,1,83,"restricted_to_jurisdiction","DE6190007083","C.H. BOEHRINGER SOHN AG & CO. KG"
16,"Boehringer Ingelheim Pharma KG",107807610,"x","DE6190143582","BOEHRINGER INGELHEIM PHARMA GMBH & CO. KG","original",1,34,88,1,1,83,"restricted_to_jurisdiction","DE6190007083","C.H. BOEHRINGER SOHN AG & CO. KG"
211,"BOEHRINGER INGELHEIM PROMECO S A DE C V",23810116,"x","DE6190007305","BOEHRINGER INGELHEIM GMBH","original",2,16,66,1,1,76,"restricted_to_jurisdiction","DE6190007083","C.H. BOEHRINGER SOHN AG & CO. KG"
0,"BOEHRINGER INGELHEIM RCV GMBH",984244,"x","AT9110846423","BOEHRINGER INGELHEIM RCV HOLDING GMBH","original",15,39,88,1,1,84,"restricted_to_jurisdiction","DE6190007083","C.H. BOEHRINGER SOHN AG & CO. KG"
1,"BOEHRINGER INGELHEIM RCV GMBH & CO KG",4116227,"x","AT9110537640","BOEHRINGER INGELHEIM RCV GMBH & CO KG","original",1,38,100,1,1,90,"restricted_to_jurisdiction","DE6190007083","C.H. BOEHRINGER SOHN AG & CO. KG"
2,"BOEHRINGER INGELHEIM RCV GMBH & CO KG",4116227,"x","AT9110537640","BOEHRINGER INGELHEIM RCV GMBH & CO KG","original",1,38,100,1,1,90,"restricted_to_jurisdiction","DE6190007083","C.H. BOEHRINGER SOHN AG & CO. KG"
3,"BOEHRINGER INGELHEIM RCV GMBH & CO KG",4116227,"x","AT9110537640","BOEHRINGER INGELHEIM RCV GMBH & CO KG","original",1,38,100,1,1,90,"restricted_to_jurisdiction","DE6190007083","C.H. BOEHRINGER SOHN AG & CO. KG"
4,"BOEHRINGER INGELHEIM ROXANE INC",22636265,"x","US278041499L","BOEHRINGER INGELHEIM ROXANE INC","original",1,37,100,1,1,100,"restricted_to_jurisdiction","DE6190007083","C.H. BOEHRINGER SOHN AG & CO. KG"
5,"BOEHRINGER INGELHEIM ROXANE INC",22636265,"x","US278041499L","BOEHRINGER INGELHEIM ROXANE INC","original",1,37,100,1,1,100,"restricted_to_jurisdiction","DE6190007083","C.H. BOEHRINGER SOHN AG & CO. KG"
60,"BOEHRINGER INGELHEIM VETMED",6949,"x","DE6190077108","BOEHRINGER INGELHEIM GRUNDSTÌÏCKS-GMBH","original",191,24,63,1,1,83,"restricted_to_jurisdiction","DE6190007083","C.H. BOEHRINGER SOHN AG & CO. KG"
13,"BOEHRINGER INGELHEIM VETMEDICA GMBH",19689465,"x","DE6190039355","BOEHRINGER INGELHEIM VETMEDICA GESELLSCHAFT MIT BESCHRÌÃNKTER HAFTUNG","original",5,35,65,1,1,68,"restricted_to_jurisdiction","DE6190007083","C.H. BOEHRINGER SOHN AG & CO. KG"
14,"BOEHRINGER INGELHEIM VETMEDICA GMBH",19689465,"x","DE6190039355","BOEHRINGER INGELHEIM VETMEDICA GESELLSCHAFT MIT BESCHRÌÃNKTER HAFTUNG","original",5,35,65,1,1,68,"restricted_to_jurisdiction","DE6190007083","C.H. BOEHRINGER SOHN AG & CO. KG"
6,"BOEHRINGER INGELHEIM VETMEDICA INC",20634444,"x","US125562132L","BOEHRINGER INGELHEIM VETMEDICA INC","original",2,37,100,1,1,100,"restricted_to_jurisdiction","DE6190007083","C.H. BOEHRINGER SOHN AG & CO. KG"
7,"BOEHRINGER INGELHEIM VETMEDICA INC",20634444,"x","US125562132L","BOEHRINGER INGELHEIM VETMEDICA INC","original",2,37,100,1,1,100,"restricted_to_jurisdiction","DE6190007083","C.H. BOEHRINGER SOHN AG & CO. KG"
309,"BOEHRINGER INGELHEIMPHARMA GMB",16897479,"x","DE6190073305","BOEHRINGER INGELHEIM EUROPE GMBH","original",1,12,77,1,1,70,"restricted_to_jurisdiction","DE6190007083","C.H. BOEHRINGER SOHN AG & CO. KG"
310,"BOEHRINGER INGELHEIMPHARMA GMB",16897479,"x","DE6190073305","BOEHRINGER INGELHEIM EUROPE GMBH","original",1,12,77,1,1,70,"restricted_to_jurisdiction","DE6190007083","C.H. BOEHRINGER SOHN AG & CO. KG"
112,"Boehringer Ingelhein International GmbH",110697929,"x","DE6190012559","BOEHRINGER INGELHEIM INTERNATIONAL GMBH","original",1,21,97,1,1,98,"restricted_to_jurisdiction","DE6190007083","C.H. BOEHRINGER SOHN AG & CO. KG"
113,"Boehringer Ingelhein International GmbH",110697929,"x","DE6190012559","BOEHRINGER INGELHEIM INTERNATIONAL GMBH","original",1,21,97,1,1,98,"restricted_to_jurisdiction","DE6190007083","C.H. BOEHRINGER SOHN AG & CO. KG"
306,"BOEHRINGER INGELHIEM INTERNAT",16856683,"x","US168036075L","BOEHRINGER INGELHEIM KENKEL","original",1,12,79,1,1,70,"restricted_to_jurisdiction","DE6190007083","C.H. BOEHRINGER SOHN AG & CO. KG"
307,"BOEHRINGER INGELHIEM INTERNAT",16856683,"x","US168036075L","BOEHRINGER INGELHEIM KENKEL","original",1,12,79,1,1,70,"restricted_to_jurisdiction","DE6190007083","C.H. BOEHRINGER SOHN AG & CO. KG"
165,"BOEHRINGER INGELHIEM PHARMA GM",3654420,"x","DE6190143582","BOEHRINGER INGELHEIM PHARMA GMBH & CO. KG","original",1,17,85,1,1,62,"restricted_to_jurisdiction","DE6190007083","C.H. BOEHRINGER SOHN AG & CO. KG"
166,"BOEHRINGER INGELHIEM PHARMA GM",3654420,"x","DE6190143582","BOEHRINGER INGELHEIM PHARMA GMBH & CO. KG","original",1,17,85,1,1,62,"restricted_to_jurisdiction","DE6190007083","C.H. BOEHRINGER SOHN AG & CO. KG"
274,"BOEHRINGER INGLEHEIM",16977228,"x","DE6190073305","BOEHRINGER INGELHEIM EUROPE GMBH","original",1,13,73,1,1,73,"restricted_to_jurisdiction","DE6190007083","C.H. BOEHRINGER SOHN AG & CO. KG"
275,"BOEHRINGER INGLEHEIM",16977228,"x","DE6190073305","BOEHRINGER INGELHEIM EUROPE GMBH","original",1,13,73,1,1,73,"restricted_to_jurisdiction","DE6190007083","C.H. BOEHRINGER SOHN AG & CO. KG"
308,"BOEHRINGER INGLEHEIM INTERNAT",2426271,"x","DE6190346126","BOEHRINGER INGELHEIM INVEST GMBH","original",3,12,79,1,1,70,"restricted_to_jurisdiction","DE6190007083","C.H. BOEHRINGER SOHN AG & CO. KG"
44,"BOEHRINGER INGLEHEIM VETMEDICA INC",22196759,"x","US125562132L","BOEHRINGER INGELHEIM VETMEDICA INC","original",1,26,97,1,1,99,"restricted_to_jurisdiction","DE6190007083","C.H. BOEHRINGER SOHN AG & CO. KG"
45,"BOEHRINGER INGLEHEIM VETMEDICA INC",22196759,"x","US125562132L","BOEHRINGER INGELHEIM VETMEDICA INC","original",1,26,97,1,1,99,"restricted_to_jurisdiction","DE6190007083","C.H. BOEHRINGER SOHN AG & CO. KG"
223,"BOEHRINGER LAB INC",309256,"x","US123707216L","BOEHRINGER INGELHEIM PHARMACEUTICALS INC","original",7,15,59,1,1,66,"restricted_to_jurisdiction","DE6190007083","C.H. BOEHRINGER SOHN AG & CO. KG"
224,"BOEHRINGER LAB INC",309256,"x","US123707216L","BOEHRINGER INGELHEIM PHARMACEUTICALS INC","original",7,15,59,1,1,66,"restricted_to_jurisdiction","DE6190007083","C.H. BOEHRINGER SOHN AG & CO. KG"
209,"BOEHRINGER MANNHEIM GMBH",153997,"x","DE6190366603","BOEHRINGER INGELHEIM HEALTHCARE GMBH","original",1,16,73,1,1,78,"restricted_to_jurisdiction","DE6190007083","C.H. BOEHRINGER SOHN AG & CO. KG"
31,"Boehringer-Ingelheim Pharmaceuticals, Inc.",107460975,"x","US129170665L","BOEHRINGER INGELHEIM PHARMACEUTICALS INC","original",1,31,100,1,1,98,"restricted_to_jurisdiction","DE6190007083","C.H. BOEHRINGER SOHN AG & CO. KG"
300,"BOERHRINGER INGELHEIM INTERNAT",15486821,"x","DE6190346126","BOEHRINGER INGELHEIM INVEST GMBH","original",1,12,81,1,1,70,"restricted_to_jurisdiction","DE6190007083","C.H. BOEHRINGER SOHN AG & CO. KG"
72,"BOHERINGER INGELHEIM PHARMA KG",16896898,"x","DE6190143582","BOEHRINGER INGELHEIM PHARMA GMBH & CO. KG","original",2,24,85,1,1,67,"restricted_to_jurisdiction","DE6190007083","C.H. BOEHRINGER SOHN AG & CO. KG"
73,"BOHERINGER INGELHEIM PHARMA KG",16896898,"x","DE6190143582","BOEHRINGER INGELHEIM PHARMA GMBH & CO. KG","original",2,24,85,1,1,67,"restricted_to_jurisdiction","DE6190007083","C.H. BOEHRINGER SOHN AG & CO. KG"
151,"BOLT NORGE AS",4083266,"n","NO979964625","METABO NORGE AS","original",4,18,79,1,1,81,"restricted_to_jurisdiction","JP2120001139864","KOKI HOLDINGS CO."
175,"BOXMAN SVERIGE AB",14457176,"n","SE5565470258","METABO SVERIGE AB","original",1,17,76,1,1,80,"restricted_to_jurisdiction","JP2120001139864","KOKI HOLDINGS CO."
280,"BP AUSTRALIA PTY LTD",4089864,"n","AU058452556","ACAP AUSTRALIA PTY LTD","original",1,13,81,1,1,71,"restricted_to_jurisdiction","US811789115","ALCOA CORPORATION"
120,"BRASIL PECUARIA LTDA",5682928,"n","BR75910141000140","SOLANA AGRO PECUARIA LTDA","original",1,20,67,1,1,82,"restricted_to_jurisdiction","DE6190007083","C.H. BOEHRINGER SOHN AG & CO. KG"
121,"BRASIL PECUARIA LTDA",5682928,"n","BR75910141000140","SOLANA AGRO PECUARIA LTDA","original",1,20,67,1,1,82,"restricted_to_jurisdiction","DE6190007083","C.H. BOEHRINGER SOHN AG & CO. KG"
363,"BULK CHEMICALS INC",1492560,"n","US132517579L","BI CHEMICALS INC","original",10,11,88,1,1,73,"restricted_to_jurisdiction","DE6190007083","C.H. BOEHRINGER SOHN AG & CO. KG"
364,"BULK CHEMICALS INC",1492560,"n","US132517579L","BI CHEMICALS INC","original",10,11,88,1,1,73,"restricted_to_jurisdiction","DE6190007083","C.H. BOEHRINGER SOHN AG & CO. KG"
369,"C 3 INTERNATIONAL LLC",1768499,"n","US319116437L","FMC INTERNATIONAL LLC","original",1,10,90,1,1,75,"restricted_to_jurisdiction","US940479804","FMC CORP"
370,"C-3 International, LLC",108157065,"n","US319116437L","FMC INTERNATIONAL LLC","original",1,10,90,1,1,74,"restricted_to_jurisdiction","US940479804","FMC CORP"
325,"C3 INTERNATIONAL LLC",17568435,"n","US319116437L","FMC INTERNATIONAL LLC","original",5,11,93,1,1,76,"restricted_to_jurisdiction","US940479804","FMC CORP"
122,"CASINOS AUSTRIA MAN GESMBH",5168835,"n","AT9130079835","METABO AUSTRIA GESMBH","original",1,20,72,1,1,75,"restricted_to_jurisdiction","JP2120001139864","KOKI HOLDINGS CO."
155,"CEBON NORGE AS",13812917,"n","NO979964625","METABO NORGE AS","original",1,18,83,1,1,82,"restricted_to_jurisdiction","JP2120001139864","KOKI HOLDINGS CO."
336,"CFL International, LLC",111692633,"n","US319116437L","FMC INTERNATIONAL LLC","original",1,11,90,1,1,74,"restricted_to_jurisdiction","US940479804","FMC CORP"
160,"CHEMINOVA AS",189644,"x","DK12760043","CHEMINOVA A/S","original",48,18,88,1,1,88,"restricted_to_jurisdiction","US940479804","FMC CORP"
161,"CHEMINOVA AS",189644,"x","DK12760043","CHEMINOVA A/S","original",48,18,88,1,1,88,"restricted_to_jurisdiction","US940479804","FMC CORP"
346,"CHENGDU TIEDA ELECTRONICS CO L",7010609,"n","CN9367155972","CHENGDU CAIC ELECTRONICS CO. , LTD .","original",2,11,85,1,1,61,"restricted_to_jurisdiction","CN*J00S4140","AVICHINA INDUSTRY & TECHNOLOGY COMPANY LIMITED"
347,"CHENGDU TIEDA ELECTRONICS CO L",7010609,"n","CN9367155972","CHENGDU CAIC ELECTRONICS CO. , LTD .","original",2,11,85,1,1,61,"restricted_to_jurisdiction","CN*J00S4140","AVICHINA INDUSTRY & TECHNOLOGY COMPANY LIMITED"
348,"CHENGDU TIEDA ELECTRONICS CO L",7010609,"n","CN9367155972","CHENGDU CAIC ELECTRONICS CO. , LTD .","original",2,11,85,1,1,61,"restricted_to_jurisdiction","CN*J00S4140","CHINA AVIONICS SYSTEMS CO."
312,"CHENGDU TIEDA ELECTRONICS CO LTD",8218947,"n","CN9367155972","CHENGDU CAIC ELECTRONICS CO. , LTD .","original",4,12,83,1,1,61,"restricted_to_jurisdiction","CN*J00S4140","AVICHINA INDUSTRY & TECHNOLOGY COMPANY LIMITED"
313,"CHENGDU TIEDA ELECTRONICS CO LTD",8218947,"n","CN9367155972","CHENGDU CAIC ELECTRONICS CO. , LTD .","original",4,12,83,1,1,61,"restricted_to_jurisdiction","CN*J00S4140","AVICHINA INDUSTRY & TECHNOLOGY COMPANY LIMITED"
314,"CHENGDU TIEDA ELECTRONICS CO LTD",8218947,"n","CN9367155972","CHENGDU CAIC ELECTRONICS CO. , LTD .","original",4,12,83,1,1,61,"restricted_to_jurisdiction","CN*J00S4140","CHINA AVIONICS SYSTEMS CO."
304,"CHROMA AUSTRALIA PTY LTD",1080075,"n","AU110199169","CHEMINOVA AUSTRALIA PTY LIMITED","original",3,12,80,1,1,70,"restricted_to_jurisdiction","US940479804","FMC CORP"
305,"CHROMA AUSTRALIA PTY LTD",1080075,"n","AU110199169","CHEMINOVA AUSTRALIA PTY LIMITED","original",3,12,80,1,1,70,"restricted_to_jurisdiction","US940479804","FMC CORP"
146,"CIENA LUXEMBOURG SARL",21962318,"n","LULB189617","FMC LUXEMBOURG SARL","original",2,18,85,1,1,84,"restricted_to_jurisdiction","US940479804","FMC CORP"
267,"CIS PHARMA AG",19486673,"n","CHCHE107308273","ORION PHARMA AG","original",1,13,79,1,1,73,"restricted_to_jurisdiction","FI19992126","ORION OYJ"
290,"CK PARTNERS LLC",3992477,"n","US266514512L","FMC PARTNERS LLC","original",1,13,90,1,1,75,"restricted_to_jurisdiction","US940479804","FMC CORP"
170,"CLOSE JOINT STOCK COMPANY ORGK",5686130,"n","RU*110180885290","CLOSED JOINT STOCK COMPANY `` '' DUPONT KHIMPROM '' ''","original",1,17,75,1,1,51,"restricted_to_jurisdiction","US940479804","FMC CORP"
71,"CLOSED JOINT STOCK COMPANY “NOVOMET PERM”",23459402,"n","RU*110180885290","CLOSED JOINT STOCK COMPANY `` '' DUPONT KHIMPROM '' ''","original",1,24,77,1,1,57,"restricted_to_jurisdiction","US940479804","FMC CORP"
47,"CLOSED JOINT STOCK COMPANY CT",11599690,"n","RU*110180885290","CLOSED JOINT STOCK COMPANY `` '' DUPONT KHIMPROM '' ''","original",1,26,79,1,1,64,"restricted_to_jurisdiction","US940479804","FMC CORP"
49,"CLOSED JOINT STOCK COMPANY LAO",17317136,"n","RU*110180885290","CLOSED JOINT STOCK COMPANY `` '' DUPONT KHIMPROM '' ''","original",1,26,78,1,1,64,"restricted_to_jurisdiction","US940479804","FMC CORP"
46,"CLOSED JOINT STOCK COMPANY MGK",907285,"n","RU*110180885290","CLOSED JOINT STOCK COMPANY `` '' DUPONT KHIMPROM '' ''","original",4,26,78,1,1,64,"restricted_to_jurisdiction","US940479804","FMC CORP"
48,"CLOSED JOINT STOCK COMPANY POLAD",18607509,"n","RU*110180885290","CLOSED JOINT STOCK COMPANY `` '' DUPONT KHIMPROM '' ''","original",1,26,78,1,1,64,"restricted_to_jurisdiction","US940479804","FMC CORP"
326,"CONS INTERNATIONAL LLC",22920256,"n","US319116437L","FMC INTERNATIONAL LLC","original",1,11,88,1,1,72,"restricted_to_jurisdiction","US940479804","FMC CORP"
279,"CTA AUSTRALIA PTY LTD",4139227,"n","AU058452556","ACAP AUSTRALIA PTY LTD","original",9,13,79,1,1,71,"restricted_to_jurisdiction","US811789115","ALCOA CORPORATION"
145,"CURVER LUXEMBOURG SARL",2160300,"n","LULB189617","FMC LUXEMBOURG SARL","original",3,18,83,1,1,80,"restricted_to_jurisdiction","US940479804","FMC CORP"
324,"CW INTERNATIONAL LLC",4256144,"n","US319116437L","FMC INTERNATIONAL LLC","original",5,11,93,1,1,76,"restricted_to_jurisdiction","US940479804","FMC CORP"
331,"CWI INTERNATIONAL, LLC",111465067,"n","US319116437L","FMC INTERNATIONAL LLC","original",1,11,90,1,1,73,"restricted_to_jurisdiction","US940479804","FMC CORP"
125,"DELAVAL HOLDING AB",78495,"x","SE5560568387","DELAVAL EXPORT AB","original",546,20,69,1,1,77,"restricted_to_jurisdiction","SE5562586981","DELAVAL INTERNATIONAL AB"
127,"DELAVAL HOLDINGS AB",3258373,"x","SE5560568387","DELAVAL EXPORT AB","original",5,20,67,1,1,76,"restricted_to_jurisdiction","SE5562586981","DELAVAL INTERNATIONAL AB"
133,"DELAVAL INC",278996,"x","US126381743L","DELAVAL INC","original",4,19,100,1,1,92,"restricted_to_jurisdiction","SE5562586981","DELAVAL INTERNATIONAL AB"
128,"DELAVAL INTERNAT AB",1558093,"x","SE5560568387","DELAVAL EXPORT AB","original",5,20,78,1,1,81,"restricted_to_jurisdiction","SE5562586981","DELAVAL INTERNATIONAL AB"
126,"DELAVAL KHOLDING AB",14427641,"x","SE5560568387","DELAVAL EXPORT AB","original",1,20,67,1,1,76,"restricted_to_jurisdiction","SE5562586981","DELAVAL INTERNATIONAL AB"
119,"DEPUY IRELAND UNLIMITED COMPANY",23845015,"n","IE206123","TORRIDON COMPANY UNLIMITED COMPANY","original",4,20,71,1,1,82,"restricted_to_jurisdiction","US940479804","FMC CORP"
39,"DINAGRO AGRO PECUARIA LTDA",5475595,"n","BR75910141000140","SOLANA AGRO PECUARIA LTDA","original",2,27,71,1,1,87,"restricted_to_jurisdiction","DE6190007083","C.H. BOEHRINGER SOHN AG & CO. KG"
40,"DINAGRO AGRO PECUARIA LTDA",5475595,"n","BR75910141000140","SOLANA AGRO PECUARIA LTDA","original",2,27,71,1,1,87,"restricted_to_jurisdiction","DE6190007083","C.H. BOEHRINGER SOHN AG & CO. KG"
185,"DORMA INDIA PRIVATE LTD",23577067,"n","IN0000024469","FMC INDIA PRIVATE LIMITED","original",2,16,79,1,1,79,"restricted_to_jurisdiction","US940479804","FMC CORP"
186,"DORMA INDIA PRIVATE LTD",23577067,"n","IN0000024469","FMC INDIA PRIVATE LIMITED","original",2,16,79,1,1,79,"restricted_to_jurisdiction","US940479804","FMC CORP"
213,"E ON SVERIGE AB",3772433,"n","SE5565470258","METABO SVERIGE AB","original",2,16,81,1,1,81,"restricted_to_jurisdiction","JP2120001139864","KOKI HOLDINGS CO."
123,"ELEKTRA GMBH",874284,"n","DE7330773811","ELEKTRA BECKUM GMBH","original",4,20,77,1,1,81,"restricted_to_jurisdiction","JP2120001139864","KOKI HOLDINGS CO."
261,"EMC Industries LLC",111756190,"n","US202895832L","FMC INDUSTRIES LLC","original",1,14,94,1,1,83,"restricted_to_jurisdiction","US940479804","FMC CORP"
335,"EMX INTERNATIONAL LLC",21880228,"n","US319116437L","FMC INTERNATIONAL LLC","original",2,11,90,1,1,74,"restricted_to_jurisdiction","US940479804","FMC CORP"
153,"EPCON NORGE AS",453109,"n","NO979964625","METABO NORGE AS","original",3,18,76,1,1,78,"restricted_to_jurisdiction","JP2120001139864","KOKI HOLDINGS CO."
189,"EPCOS INDIA PRIVATE LTD",18331047,"n","IN0000024469","FMC INDIA PRIVATE LIMITED","original",2,16,79,1,1,79,"restricted_to_jurisdiction","US940479804","FMC CORP"
190,"EPCOS INDIA PRIVATE LTD",18331047,"n","IN0000024469","FMC INDIA PRIVATE LIMITED","original",2,16,79,1,1,79,"restricted_to_jurisdiction","US940479804","FMC CORP"
207,"ESL HEALTHCARE LIMITED",10945722,"n","GB01820169","WINDSOR HEALTHCARE LIMITED","original",3,16,75,1,1,78,"restricted_to_jurisdiction","DE6190007083","C.H. BOEHRINGER SOHN AG & CO. KG"
237,"EUROFLAMM SELECT INC",928846,"n","US133373736L","MERIAL SELECT INC","original",1,14,54,1,1,66,"restricted_to_jurisdiction","DE6190007083","C.H. BOEHRINGER SOHN AG & CO. KG"
238,"EUROFLAMM SELECT INC",928846,"n","US133373736L","MERIAL SELECT INC","original",1,14,54,1,1,66,"restricted_to_jurisdiction","DE6190007083","C.H. BOEHRINGER SOHN AG & CO. KG"
78,"EX ICE ISLANDI EHF",4915405,"n","IS6001002380","ALCOA ISLANDI EHF .","original",2,23,63,1,1,81,"restricted_to_jurisdiction","US811789115","ALCOA CORPORATION"
230,"FAN AUSTRIA GMBH",686582,"n","AT9030094309","FMC AGRO AUSTRIA GMBH","original",1,14,76,1,1,73,"restricted_to_jurisdiction","US940479804","FMC CORP"
231,"FAN AUSTRIA GMBH",686582,"n","AT9030094309","FMC AGRO AUSTRIA GMBH","original",1,14,76,1,1,73,"restricted_to_jurisdiction","US940479804","FMC CORP"
70,"FERMION OY",164313,"x","FI18552129","FERMION OY","original",21,24,100,1,1,100,"restricted_to_jurisdiction","FI19992126","ORION OYJ"
43,"FMC AUSTRALASIA PTY. LTD.",111411311,"x","AU095326891","FMC AUSTRALASIA PTY LTD","original",1,27,100,1,1,99,"restricted_to_jurisdiction","US940479804","FMC CORP"
159,"FMC CORP",68856,"x","US202761750L","FMC CORP","original",349,18,100,1,1,92,"restricted_to_jurisdiction","US940479804","FMC CORP"
25,"FMC CORP LITHIUM DIVISION",286327,"x","US275793098L","FMC CORP LITHIUM DIVISION","original",4,32,100,1,1,100,"restricted_to_jurisdiction","US940479804","FMC CORP"
26,"FMC CORP LITHIUM DIVISION",286327,"x","US275793098L","FMC CORP LITHIUM DIVISION","original",4,32,100,1,1,100,"restricted_to_jurisdiction","US940479804","FMC CORP"
38,"FMC Corporation Lithium Division",108359337,"x","US126770234L","FMC LITHIUM DIVISION","original",2,28,77,1,1,88,"restricted_to_jurisdiction","US940479804","FMC CORP"
20,"FMC FORET SA",370356,"x","ESA08016263","FMC FORET SA","original",12,32,100,1,1,100,"restricted_to_jurisdiction","US940479804","FMC CORP"
21,"FMC FORET SA",370356,"x","ESA08016263","FMC FORET SA","original",12,32,100,1,1,100,"restricted_to_jurisdiction","US940479804","FMC CORP"
210,"FMC PROPERTIES LLC",3624630,"x","US228178586L","FMC INDUSTRIES LLC","original",1,16,44,1,1,70,"restricted_to_jurisdiction","US940479804","FMC CORP"
86,"FMC QUÍMICA DO BRASIL LTDA",22544334,"x","BR04136367000198","FMC QUIMICA BRASIL LTDA .","original",3,22,92,1,1,84,"restricted_to_jurisdiction","US940479804","FMC CORP"
32,"FMC QUIMICA DO BRASIL LTDA",5584095,"x","BR04136367000198","FMC QUIMICA BRASIL LTDA .","original",10,31,94,1,1,86,"restricted_to_jurisdiction","US940479804","FMC CORP"
85,"FMC TECH DO BRASIL LTDA",23851783,"x","BR04136367000198","FMC QUIMICA BRASIL LTDA .","original",1,22,74,1,1,76,"restricted_to_jurisdiction","US940479804","FMC CORP"
222,"FMC TECH INC",23778842,"x","US288841559L","FMC CENTER INC","original",1,15,54,1,1,69,"restricted_to_jurisdiction","US940479804","FMC CORP"
55,"FMC WYOMING CORP",2936122,"x","US273578333L","FMC WYOMING CORPORATION","original",5,25,82,1,1,91,"restricted_to_jurisdiction","US940479804","FMC CORP"
323,"FOARA INTERNATIONAL LLC",2316657,"n","US319116437L","FMC INTERNATIONAL LLC","original",1,11,86,1,1,71,"restricted_to_jurisdiction","US940479804","FMC CORP"
150,"FOMA NORGE AS",13815648,"n","NO979964625","METABO NORGE AS","original",1,18,79,1,1,81,"restricted_to_jurisdiction","JP2120001139864","KOKI HOLDINGS CO."
56,"FRIESLANDCAMPINA NEDERLAND HOLDING B.V.",151549723,"n","NL66023068","ALCOA NEDERLAND HOLDING B.V .","original",1,25,71,1,1,75,"restricted_to_jurisdiction","US811789115","ALCOA CORPORATION"
247,"FULCIT NEW ZEALAND LTD",4888246,"n","NZ9429032493290","FMC NEW ZEALAND LIMITED","original",1,14,80,1,1,73,"restricted_to_jurisdiction","US940479804","FMC CORP"
291,"GCHD PARTNERS LLC",23253355,"n","US266514512L","FMC PARTNERS LLC","original",3,13,85,1,1,72,"restricted_to_jurisdiction","US940479804","FMC CORP"
319,"GDS INTERNATIONAL LLC",22649394,"n","US319116437L","FMC INTERNATIONAL LLC","original",1,11,86,1,1,72,"restricted_to_jurisdiction","US940479804","FMC CORP"
206,"GE HEALTHCARE LIMITED",151406938,"n","GB01820169","WINDSOR HEALTHCARE LIMITED","original",1,16,77,1,1,80,"restricted_to_jurisdiction","DE6190007083","C.H. BOEHRINGER SOHN AG & CO. KG"
221,"GEMA SWITZERLAND GMBH",1817059,"n","CHCHE282417063","FMC SWITZERLAND GMBH","original",21,15,88,1,1,78,"restricted_to_jurisdiction","US940479804","FMC CORP"
297,"GLOBAL MANUFACTURING INC",2327093,"n","US149205232L","DELAVAL MANUFACTURING INC","original",1,13,86,1,1,71,"restricted_to_jurisdiction","SE5562586981","DELAVAL INTERNATIONAL AB"
138,"GM Research & Development",110088462,"n","US149135156L","FMC RESEARCH & DEVELOPMENT CENTER","original",1,19,81,1,1,71,"restricted_to_jurisdiction","US940479804","FMC CORP"
107,"GOLDEN QUIMICA DO BRASIL LTDA",17602161,"n","BR04136367000198","FMC QUIMICA BRASIL LTDA .","original",2,21,77,1,1,75,"restricted_to_jurisdiction","US940479804","FMC CORP"
259,"GPS Industries, LLC",109873524,"n","US228178586L","FMC INDUSTRIES LLC","original",1,14,83,1,1,74,"restricted_to_jurisdiction","US940479804","FMC CORP"
328,"HA INTERNATIONAL LLC",3820219,"n","US319116437L","FMC INTERNATIONAL LLC","original",2,11,88,1,1,71,"restricted_to_jurisdiction","US940479804","FMC CORP"
93,"HGST Netherlands B.V.",151455175,"n","NL68701748","FMC NEW NETHERLANDS B.V .","original",1,21,74,1,1,74,"restricted_to_jurisdiction","US940479804","FMC CORP"
96,"HGST Netherlands B.V.",152581600,"n","NL69723885","FMC NETHERLANDS HOLDINGS B.V .","original",1,21,79,1,1,74,"restricted_to_jurisdiction","US940479804","FMC CORP"
177,"HIAB SVERIGE AB",14456286,"n","SE5565470258","METABO SVERIGE AB","original",1,17,81,1,1,80,"restricted_to_jurisdiction","JP2120001139864","KOKI HOLDINGS CO."
51,"HILITE INTERNATIONAL INC",1107846,"x","US*P00737","HILITE INTERNATIONAL , INC .","original",1,25,100,1,1,88,"restricted_to_jurisdiction","CN*J00S4140","AVIC ELECTROMECHANICAL SYSTEMS CO."
296,"HMVP Partners, LLC",111266487,"n","US266514512L","FMC PARTNERS LLC","original",1,13,85,1,1,71,"restricted_to_jurisdiction","US940479804","FMC CORP"
218,"HNC SWITZERLAND GMBH",24095091,"n","CHCHE402207577","FMC SWITZERLAND II GMBH","original",1,15,79,1,1,76,"restricted_to_jurisdiction","US940479804","FMC CORP"
219,"HNC SWITZERLAND GMBH",24095091,"n","CHCHE402207577","FMC SWITZERLAND II GMBH","original",1,15,79,1,1,76,"restricted_to_jurisdiction","US940479804","FMC CORP"
266,"HORIZON PHARMA AG",1807695,"n","CHCHE107308273","ORION PHARMA AG","original",1,13,94,1,1,81,"restricted_to_jurisdiction","FI19992126","ORION OYJ"
81,"HPI Hong Kong Limited",111830261,"n","HK0005647873","MERIAL HONG KONG LIMITED","original",1,23,76,1,1,88,"restricted_to_jurisdiction","DE6190007083","C.H. BOEHRINGER SOHN AG & CO. KG"
322,"HPT INTERNATIONAL LLC",22679214,"n","US319116437L","FMC INTERNATIONAL LLC","original",1,11,86,1,1,71,"restricted_to_jurisdiction","US940479804","FMC CORP"
295,"IG PARTNERS, LLC",111836696,"n","US266514512L","FMC PARTNERS LLC","original",1,13,84,1,1,71,"restricted_to_jurisdiction","US940479804","FMC CORP"
187,"IMEC INDIA PRIVATE LTD",23453368,"n","IN0002900316","FMC INDIA PRIVATE LIMITED","original",1,16,85,1,1,82,"restricted_to_jurisdiction","US940479804","FMC CORP"
299,"INT ALUMINUM CORP",2510187,"n","US132194158L","INTALCO ALUMINUM CORP","original",1,13,89,1,1,73,"restricted_to_jurisdiction","US811789115","ALCOA CORPORATION"
114,"INTERCON HOLLAND B.V.",111471770,"n","NL65682343","ALCOA HOLLAND B.V .","original",1,21,59,1,1,82,"restricted_to_jurisdiction","US811789115","ALCOA CORPORATION"
115,"INTERCON HOLLAND B.V.",111471770,"n","NL65682343","ALCOA HOLLAND B.V .","original",1,21,59,1,1,82,"restricted_to_jurisdiction","US811789115","ALCOA CORPORATION"
157,"Internet International B.V.",110513849,"n","NL20065282","CARAT INTERNATIONAL B.V .","original",1,18,69,1,1,77,"restricted_to_jurisdiction","JP2120001139864","KOKI HOLDINGS CO."
269,"IQ TEC SWITZERLAND GMBH",1892526,"n","CHCHE402207577","FMC SWITZERLAND II GMBH","original",6,13,78,1,1,73,"restricted_to_jurisdiction","US940479804","FMC CORP"
270,"IQ TEC SWITZERLAND GMBH",1892526,"n","CHCHE402207577","FMC SWITZERLAND II GMBH","original",6,13,78,1,1,73,"restricted_to_jurisdiction","US940479804","FMC CORP"
212,"IT PAC SVERIGE AB",14458698,"n","SE5565470258","METABO SVERIGE AB","original",1,16,76,1,1,79,"restricted_to_jurisdiction","JP2120001139864","KOKI HOLDINGS CO."
264,"JCK Industries LLC",109513344,"n","US228178586L","FMC INDUSTRIES LLC","original",1,14,78,1,1,77,"restricted_to_jurisdiction","US940479804","FMC CORP"
216,"JINCHENG GROUP CO LTD",6595580,"x","CN9361198234","JINCHENG GROUP IMP.& EXP. CO., LTD.","original",3,15,84,1,1,60,"restricted_to_jurisdiction","CN*J00S4140","AVIC ELECTROMECHANICAL SYSTEMS CO."
203,"KENCAN AUSTRALASIA PTY LTD",1007857,"n","AU095326891","FMC AUSTRALASIA PTY LTD","original",1,16,86,1,1,83,"restricted_to_jurisdiction","US940479804","FMC CORP"
374,"KENCO INTERNATIONAL INC",2973646,"n","US128916769L","REYNOLDS INTERNATIONAL INC","original",1,10,86,1,1,71,"restricted_to_jurisdiction","US811789115","ALCOA CORPORATION"
287,"KF PARTNERS LLC",111877728,"n","US266514512L","FMC PARTNERS LLC","original",1,13,90,1,1,75,"restricted_to_jurisdiction","US940479804","FMC CORP"
53,"KOKI TECHNIK TRANSMISSION SYS",22152266,"x","DE3030110139","KOKI-TECHNIK TRANSMISSION SYSTEMS GMBH","original",36,25,87,1,1,92,"restricted_to_jurisdiction","CN*J00S4140","AVIC ELECTROMECHANICAL SYSTEMS CO."
54,"KOKI TECHNIK TRANSMISSION SYS",22152266,"x","DE3030110139","KOKI-TECHNIK TRANSMISSION SYSTEMS GMBH","original",36,25,87,1,1,92,"restricted_to_jurisdiction","CN*J00S4140","AVIC ELECTROMECHANICAL SYSTEMS CO."
83,"KOKINETICS GMBH",9610933,"x","DE6070640783","KOKINETICS CZ BETEILIGUNGS GMBH","original",40,22,65,1,1,82,"restricted_to_jurisdiction","CN*J00S4140","AVIC ELECTROMECHANICAL SYSTEMS CO."
84,"KOKINETICS GMBH",9610933,"x","DE6070640783","KOKINETICS CZ BETEILIGUNGS GMBH","original",40,22,65,1,1,82,"restricted_to_jurisdiction","CN*J00S4140","AVIC ELECTROMECHANICAL SYSTEMS CO."
194,"KSIN LUXEMBOURG II SARL",10994148,"n","LULB189617","FMC LUXEMBOURG SARL","original",1,16,76,1,1,78,"restricted_to_jurisdiction","US940479804","FMC CORP"
337,"KWJ INTERNATIONAL LLC",3314903,"n","US319116437L","FMC INTERNATIONAL LLC","original",1,11,81,1,1,71,"restricted_to_jurisdiction","US940479804","FMC CORP"
109,"L & C VERWALTUNGSGESELLSCHAFT MBH",23627556,"n","DE2150647618","CHEMINOVA VERWALTUNGSGESELLSCHAFT MBH","original",1,21,85,1,1,89,"restricted_to_jurisdiction","US940479804","FMC CORP"
131,"Lanza Tech New Zealand Limited",111920979,"n","NZ9429032493290","FMC NEW ZEALAND LIMITED","original",2,19,75,1,1,78,"restricted_to_jurisdiction","US940479804","FMC CORP"
234,"LANZHOU FLIGHT CONTROL CO LTD",7573457,"x","CN9360530462","LANZHOU FLISHT CONTROL CO. , LTD .","original",30,14,97,1,1,67,"restricted_to_jurisdiction","CN*J00S4140","AVICHINA INDUSTRY & TECHNOLOGY COMPANY LIMITED"
235,"LANZHOU FLIGHT CONTROL CO LTD",7573457,"x","CN9360530462","LANZHOU FLISHT CONTROL CO. , LTD .","original",30,14,97,1,1,67,"restricted_to_jurisdiction","CN*J00S4140","AVICHINA INDUSTRY & TECHNOLOGY COMPANY LIMITED"
236,"LANZHOU FLIGHT CONTROL CO LTD",7573457,"x","CN9360530462","LANZHOU FLISHT CONTROL CO. , LTD .","original",30,14,97,1,1,67,"restricted_to_jurisdiction","CN*J00S4140","CHINA AVIONICS SYSTEMS CO."
245,"Leo Pharma A/S",108975007,"n","DK20601116","ORION PHARMA A/S","original",1,14,80,1,1,74,"restricted_to_jurisdiction","FI19992126","ORION OYJ"
317,"LWRC INTERNATIONAL LLC",4259275,"n","US319116437L","FMC INTERNATIONAL LLC","original",9,11,79,1,1,71,"restricted_to_jurisdiction","US940479804","FMC CORP"
178,"Lynch Group Australia Pty Limited",111084230,"n","AU110199169","CHEMINOVA AUSTRALIA PTY LIMITED","original",1,17,72,1,1,77,"restricted_to_jurisdiction","US940479804","FMC CORP"
179,"Lynch Group Australia Pty Limited",111084230,"n","AU110199169","CHEMINOVA AUSTRALIA PTY LIMITED","original",1,17,72,1,1,77,"restricted_to_jurisdiction","US940479804","FMC CORP"
129,"M/s. Scmooth (India) Private Limited",111090127,"n","IN0000024469","FMC INDIA PRIVATE LIMITED","original",1,19,72,1,1,77,"restricted_to_jurisdiction","US940479804","FMC CORP"
130,"M/s. Scmooth (India) Private Limited",111090127,"n","IN0000024469","FMC INDIA PRIVATE LIMITED","original",1,19,72,1,1,77,"restricted_to_jurisdiction","US940479804","FMC CORP"
344,"MABE CANADA INC",3127776,"n","CA132753695L","MERIAL CANADA INC","original",16,11,81,1,1,70,"restricted_to_jurisdiction","DE6190007083","C.H. BOEHRINGER SOHN AG & CO. KG"
345,"MABE CANADA INC",3127776,"n","CA132753695L","MERIAL CANADA INC","original",16,11,81,1,1,70,"restricted_to_jurisdiction","DE6190007083","C.H. BOEHRINGER SOHN AG & CO. KG"
202,"MATTHEWS AUSTRALASIA PTY LTD",4232899,"n","AU095326891","FMC AUSTRALASIA PTY LTD","original",1,16,75,1,1,78,"restricted_to_jurisdiction","US940479804","FMC CORP"
152,"MCASH NORGE AS",18066041,"n","NO979964625","METABO NORGE AS","original",1,18,76,1,1,79,"restricted_to_jurisdiction","JP2120001139864","KOKI HOLDINGS CO."
246,"MCP NEW ZEALAND LTD",4997497,"n","NZ9429032493290","FMC NEW ZEALAND LIMITED","original",5,14,71,1,1,75,"restricted_to_jurisdiction","US940479804","FMC CORP"
140,"Merial",109646989,"x","US123808600L","MERIAL LLC","original",2,18,75,1,1,80,"restricted_to_jurisdiction","DE6190007083","C.H. BOEHRINGER SOHN AG & CO. KG"
141,"Merial",109646989,"x","US123808600L","MERIAL LLC","original",2,18,75,1,1,80,"restricted_to_jurisdiction","DE6190007083","C.H. BOEHRINGER SOHN AG & CO. KG"
171,"MERIAL LTD",93045,"x","US149232382L","MERIAL LTD C","original",172,17,91,1,1,88,"restricted_to_jurisdiction","DE6190007083","C.H. BOEHRINGER SOHN AG & CO. KG"
172,"MERIAL LTD",93045,"x","US149232382L","MERIAL LTD C","original",172,17,91,1,1,88,"restricted_to_jurisdiction","DE6190007083","C.H. BOEHRINGER SOHN AG & CO. KG"
208,"METABO POLISYS GMBH & CO KG",9581772,"n","DE7330003275","METABO GMBH","original",1,16,61,1,1,73,"restricted_to_jurisdiction","JP2120001139864","KOKI HOLDINGS CO."
91,"METABOWERKE GMBH",1732,"x","DE7330003259","METABOWERKE GMBH","original",247,22,100,1,1,100,"restricted_to_jurisdiction","JP2120001139864","KOKI HOLDINGS CO."
92,"METABOWERKE GMBH",1732,"x","DE7330003259","METABOWERKE GMBH","original",247,22,100,1,1,100,"restricted_to_jurisdiction","JP2120001139864","KOKI HOLDINGS CO."
180,"METABOWERKE KG",93081,"x","DE7330003259","METABOWERKE GMBH","original",4,17,87,1,1,86,"restricted_to_jurisdiction","JP2120001139864","KOKI HOLDINGS CO."
181,"METABOWERKE KG",93081,"x","DE7330003259","METABOWERKE GMBH","original",4,17,87,1,1,86,"restricted_to_jurisdiction","JP2120001139864","KOKI HOLDINGS CO."
367,"METADYNEA AUSTRIA GMBH",22237625,"n","AT9130079835","METABO AUSTRIA GESMBH","original",3,10,79,1,1,69,"restricted_to_jurisdiction","JP2120001139864","KOKI HOLDINGS CO."
338,"METRIS CANADA INC",171461,"n","CA133235658L","MERIAL CANADA INC","original",1,11,88,1,1,73,"restricted_to_jurisdiction","DE6190007083","C.H. BOEHRINGER SOHN AG & CO. KG"
339,"METRIS CANADA INC",171461,"n","CA133235658L","MERIAL CANADA INC","original",1,11,88,1,1,73,"restricted_to_jurisdiction","DE6190007083","C.H. BOEHRINGER SOHN AG & CO. KG"
58,"MEYK BULGARIA EOOD",21075299,"n","BG131462461","FMC AGRO BULGARIA EOOD","original",1,24,75,1,1,85,"restricted_to_jurisdiction","US940479804","FMC CORP"
102,"MFOBMX UNIPESSOAL LDA",22848727,"n","PT508907365","ORIONFIN , UNIPESSOAL , LDA","original",2,21,73,1,1,72,"restricted_to_jurisdiction","FI19992126","ORION OYJ"
205,"MICROGENIX AUSTRALASIA PTY LTD",678081,"n","AU095326891","FMC AUSTRALASIA PTY LTD","original",3,16,72,1,1,79,"restricted_to_jurisdiction","US940479804","FMC CORP"
204,"MITCHELL AUSTRALASIA PTY LTD",3341608,"n","AU095326891","FMC AUSTRALASIA PTY LTD","original",3,16,75,1,1,80,"restricted_to_jurisdiction","US940479804","FMC CORP"
106,"MK QUIMICA DO BRASIL LTDA",5457989,"n","BR04136367000198","FMC QUIMICA BRASIL LTDA .","original",1,21,83,1,1,79,"restricted_to_jurisdiction","US940479804","FMC CORP"
320,"MODEC INTERNATIONAL LLC",3076694,"n","US319116437L","FMC INTERNATIONAL LLC","original",2,11,77,1,1,71,"restricted_to_jurisdiction","US940479804","FMC CORP"
256,"Momar Industries LLC",111488010,"n","US202895832L","FMC INDUSTRIES LLC","original",1,14,74,1,1,74,"restricted_to_jurisdiction","US940479804","FMC CORP"
258,"Momar Industries LLC",111515277,"n","US228178586L","FMC INDUSTRIES LLC","original",1,14,74,1,1,74,"restricted_to_jurisdiction","US940479804","FMC CORP"
288,"MS PARTNERS LLC",16154191,"n","US266514512L","FMC PARTNERS LLC","original",1,13,77,1,1,72,"restricted_to_jurisdiction","US940479804","FMC CORP"
193,"MULTIVAC INDIA PRIVATE LTD",11676718,"n","IN0002900316","FMC INDIA PRIVATE LIMITED","original",1,16,67,1,1,76,"restricted_to_jurisdiction","US940479804","FMC CORP"
191,"MYLAN INDIA PRIVATE LTD",1936828,"n","IN0000024469","FMC INDIA PRIVATE LIMITED","original",21,16,71,1,1,77,"restricted_to_jurisdiction","US940479804","FMC CORP"
192,"MYLAN INDIA PRIVATE LTD",1936828,"n","IN0000024469","FMC INDIA PRIVATE LIMITED","original",21,16,71,1,1,77,"restricted_to_jurisdiction","US940479804","FMC CORP"
124,"NANJING JINCHENG MACHINERY CO",7436704,"x","CN9366692147","NANJING JINCHENG MACHINERY CO. , LTD .","original",6,20,94,1,1,65,"restricted_to_jurisdiction","CN*J00S4140","AVIC ELECTROMECHANICAL SYSTEMS CO."
79,"ND A ISLANDI EHF",3286128,"n","IS6001002380","ALCOA ISLANDI EHF .","original",1,23,79,1,1,86,"restricted_to_jurisdiction","US811789115","ALCOA CORPORATION"
293,"ND PARTNERS LLC",460636,"n","US266514512L","FMC PARTNERS LLC","original",3,13,77,1,1,70,"restricted_to_jurisdiction","US940479804","FMC CORP"
375,"NEOZYME INTERNATIONAL INC",1601592,"n","US128916769L","REYNOLDS INTERNATIONAL INC","original",3,10,78,1,1,69,"restricted_to_jurisdiction","US811789115","ALCOA CORPORATION"
302,"NEUROVISION PHARMA GMBH",23454897,"n","DE2150198453","ORION PHARMA GMBH","original",2,12,80,1,1,69,"restricted_to_jurisdiction","FI19992126","ORION OYJ"
34,"NIPPON BOEHRINGER INGELHEIM CO",410452,"x","JP1010701019774","NIPPON BOEHRINGER INGELHEIM CO. , LTD .","original",4,29,94,1,1,77,"restricted_to_jurisdiction","DE6190007083","C.H. BOEHRINGER SOHN AG & CO. KG"
35,"NIPPON BOEHRINGER INGELHEIM CO",410452,"x","JP1010701019774","NIPPON BOEHRINGER INGELHEIM CO. , LTD .","original",4,29,94,1,1,77,"restricted_to_jurisdiction","DE6190007083","C.H. BOEHRINGER SOHN AG & CO. KG"
342,"NORAX CANADA INC",3687571,"n","CA132753695L","MERIAL CANADA INC","original",1,11,79,1,1,69,"restricted_to_jurisdiction","DE6190007083","C.H. BOEHRINGER SOHN AG & CO. KG"
343,"NORAX CANADA INC",3687571,"n","CA132753695L","MERIAL CANADA INC","original",1,11,79,1,1,69,"restricted_to_jurisdiction","DE6190007083","C.H. BOEHRINGER SOHN AG & CO. KG"
311,"NORTHERN STAR IND INC",2194389,"n","US134199609L","NORTHERN STAMPING INC","original",5,12,76,1,1,70,"restricted_to_jurisdiction","CN*J00S4140","AVIC ELECTROMECHANICAL SYSTEMS CO."
340,"NUTRA CANADA INC",23241207,"n","CA132753695L","MERIAL CANADA INC","original",1,11,79,1,1,69,"restricted_to_jurisdiction","DE6190007083","C.H. BOEHRINGER SOHN AG & CO. KG"
341,"NUTRA CANADA INC",23241207,"n","CA132753695L","MERIAL CANADA INC","original",1,11,79,1,1,69,"restricted_to_jurisdiction","DE6190007083","C.H. BOEHRINGER SOHN AG & CO. KG"
253,"NUTRI PHARMA AS",519997,"n","NO967727970","ORION PHARMA AS","original",4,14,80,1,1,76,"restricted_to_jurisdiction","FI19992126","ORION OYJ"
226,"ONCOS THERAPEUTICS OY",1943034,"n","FI18116140","SAIPH THERAPEUTICS OY","original",6,15,71,1,1,72,"restricted_to_jurisdiction","FI19992126","ORION OYJ"
225,"OOO NPP ORION M",21129262,"x","RU*110179984849","OOO ORION PHARMA","original",1,15,58,1,1,68,"restricted_to_jurisdiction","FI19992126","ORION OYJ"
144,"OOO ORION",18374485,"x","RU*110179984849","OOO ORION PHARMA","original",1,18,72,1,1,79,"restricted_to_jurisdiction","FI19992126","ORION OYJ"
196,"OOO ORION INTEGRITI",18484030,"x","RU*110179984849","OOO ORION PHARMA","original",2,16,51,1,1,71,"restricted_to_jurisdiction","FI19992126","ORION OYJ"
195,"OOO ORION PISHCHEPROM",17396094,"x","RU*110179984849","OOO ORION PHARMA","original",2,16,76,1,1,80,"restricted_to_jurisdiction","FI19992126","ORION OYJ"
200,"OPAL AUSTRALASIA PTY LTD",4204805,"n","AU095326891","FMC AUSTRALASIA PTY LTD","original",1,16,81,1,1,81,"restricted_to_jurisdiction","US940479804","FMC CORP"
198,"OPALTONE AUSTRALASIA PTY LTD",4393331,"n","AU095326891","FMC AUSTRALASIA PTY LTD","original",1,16,75,1,1,77,"restricted_to_jurisdiction","US940479804","FMC CORP"
103,"OPENMED UNIPESSOAL LDA",18113644,"n","PT508907365","ORIONFIN , UNIPESSOAL , LDA","original",1,21,76,1,1,73,"restricted_to_jurisdiction","FI19992126","ORION OYJ"
365,"ORIENT PHARMA INC",23943013,"n","US*290244220","ORION PHARMA INC .","original",2,11,91,1,1,74,"restricted_to_jurisdiction","FI19992126","ORION OYJ"
227,"ORION SURGICAL GMBH",17199579,"n","DE2150198453","ORION PHARMA GMBH","original",1,15,72,1,1,71,"restricted_to_jurisdiction","FI19992126","ORION OYJ"
148,"OVIVO LUXEMBOURG SARL",21226611,"n","LULB189617","FMC LUXEMBOURG SARL","original",4,18,75,1,1,80,"restricted_to_jurisdiction","US940479804","FMC CORP"
197,"PALTRONICS AUSTRALASIA PTY LTD",52360,"n","AU095326891","FMC AUSTRALASIA PTY LTD","original",28,16,72,1,1,77,"restricted_to_jurisdiction","US940479804","FMC CORP"
371,"PARVOGEN INTERNATIONAL INC",16992331,"n","US128916769L","REYNOLDS INTERNATIONAL INC","original",1,10,81,1,1,70,"restricted_to_jurisdiction","US811789115","ALCOA CORPORATION"
57,"PHARMATON SA",91419,"x","CH2-164550","PHARMATON SA LUGANO","original",14,24,77,1,1,89,"restricted_to_jurisdiction","DE6190007083","C.H. BOEHRINGER SOHN AG & CO. KG"
292,"PI PARTNERS LLC",22184093,"n","US266514512L","FMC PARTNERS LLC","original",1,13,77,1,1,69,"restricted_to_jurisdiction","US940479804","FMC CORP"
105,"PICKLOG UNIPESSOAL LDA",22732163,"n","PT508907365","ORIONFIN , UNIPESSOAL , LDA","original",1,21,76,1,1,72,"restricted_to_jurisdiction","FI19992126","ORION OYJ"
174,"PRIMO SVERIGE AB",894068,"n","SE5565470258","METABO SVERIGE AB","original",1,17,79,1,1,79,"restricted_to_jurisdiction","JP2120001139864","KOKI HOLDINGS CO."
110,"Projekt S Verwaltungsgesellschaft mbH",111552959,"n","DE2150647618","CHEMINOVA VERWALTUNGSGESELLSCHAFT MBH","original",1,21,73,1,1,86,"restricted_to_jurisdiction","US940479804","FMC CORP"
149,"RAMBOLL NORGE AS",18223848,"n","NO979964625","METABO NORGE AS","original",1,18,52,1,1,74,"restricted_to_jurisdiction","JP2120001139864","KOKI HOLDINGS CO."
372,"RAND INTERNATIONAL INC",2452182,"n","US128916769L","REYNOLDS INTERNATIONAL INC","original",1,10,88,1,1,72,"restricted_to_jurisdiction","US811789115","ALCOA CORPORATION"
286,"RAPP AUSTRALIA PTY LTD",18742669,"n","AU058452556","ACAP AUSTRALIA PTY LTD","original",1,13,77,1,1,71,"restricted_to_jurisdiction","US811789115","ALCOA CORPORATION"
214,"REAL SVERIGE AB M",1601506,"n","SE5565470258","METABO SVERIGE AB","original",1,16,82,1,1,81,"restricted_to_jurisdiction","JP2120001139864","KOKI HOLDINGS CO."
118,"Residential Funding Corporation",110621488,"n","US2-161922","FMC FUNDING CORPORATION","original",1,20,70,1,1,83,"restricted_to_jurisdiction","US940479804","FMC CORP"
298,"REYNOLDS CARL",139435741,"n","US540355135","REYNOLDS METALS CO","original",1,13,77,1,1,67,"restricted_to_jurisdiction","US811789115","ALCOA CORPORATION"
250,"REYNOLDS FOIL INC",671495,"n","US2-54919","REYNOLDS BECANCOUR INC","original",1,14,72,1,1,72,"restricted_to_jurisdiction","US811789115","ALCOA CORPORATION"
251,"REYNOLDS FOIL INC",671495,"n","US2-54919","REYNOLDS BECANCOUR INC","original",1,14,72,1,1,72,"restricted_to_jurisdiction","US811789115","ALCOA CORPORATION"
248,"REYNOLDS IND INC",1181452,"n","US2-54919","REYNOLDS BECANCOUR INC","original",2,14,74,1,1,73,"restricted_to_jurisdiction","US811789115","ALCOA CORPORATION"
249,"REYNOLDS IND INC",1181452,"n","US2-54919","REYNOLDS BECANCOUR INC","original",2,14,74,1,1,73,"restricted_to_jurisdiction","US811789115","ALCOA CORPORATION"
108,"REYNOLDS METALS CO",24957,"x","US540355135","REYNOLDS METALS CO","original",13,21,100,1,1,100,"restricted_to_jurisdiction","US811789115","ALCOA CORPORATION"
278,"RF DELAWARE INC",1544532,"n","US245237483L","RMC DELAWARE , INC .","original",1,13,90,1,1,62,"restricted_to_jurisdiction","US811789115","ALCOA CORPORATION"
276,"RG DELAWARE INC",285833,"n","US245237483L","RMC DELAWARE , INC .","original",15,13,90,1,1,62,"restricted_to_jurisdiction","US811789115","ALCOA CORPORATION"
277,"RG Delaware Inc.",107952956,"n","US245237483L","RMC DELAWARE , INC .","original",1,13,90,1,1,63,"restricted_to_jurisdiction","US811789115","ALCOA CORPORATION"
37,"RISSMANN GESELLSCHAFT MIT BESCHRÄNKTER HAFTUNG",23939848,"n","DE6190097008","ANASCO GESELLSCHAFT MIT BESCHRÌÃNKTER HAFTUNG","original",2,28,82,1,1,80,"restricted_to_jurisdiction","DE6190007083","C.H. BOEHRINGER SOHN AG & CO. KG"
272,"RITE SWITZERLAND GMBH X",21763216,"n","CHCHE282417063","FMC SWITZERLAND GMBH","original",9,13,74,1,1,72,"restricted_to_jurisdiction","US940479804","FMC CORP"
315,"S H PARTNERS LLC",4035248,"n","US266514512L","FMC PARTNERS LLC","original",1,11,81,1,1,70,"restricted_to_jurisdiction","US940479804","FMC CORP"
116,"SAE Magnetics (Hong Kong) Limited",109838525,"n","HK0005647873","MERIAL HONG KONG LIMITED","original",1,21,80,1,1,86,"restricted_to_jurisdiction","DE6190007083","C.H. BOEHRINGER SOHN AG & CO. KG"
136,"Safepay Australia Pty Limited",111097621,"n","AU110199169","CHEMINOVA AUSTRALIA PTY LIMITED","original",1,19,70,1,1,77,"restricted_to_jurisdiction","US940479804","FMC CORP"
137,"Safepay Australia Pty Limited",111097621,"n","AU110199169","CHEMINOVA AUSTRALIA PTY LIMITED","original",1,19,70,1,1,77,"restricted_to_jurisdiction","US940479804","FMC CORP"
158,"SANKYO DIAMOND IND CO LTD",321919,"x","JP1021001026865","SANKYO DIAMOND INDUSTRIAL CO. , LTD .","original",18,18,88,1,1,62,"restricted_to_jurisdiction","JP2120001139864","KOKI HOLDINGS CO."
262,"SB Industries, LLC",111895795,"n","US228178586L","FMC INDUSTRIES LLC","original",1,14,80,1,1,74,"restricted_to_jurisdiction","US940479804","FMC CORP"
77,"SB PHARMCO PUERTO RICO",3454824,"n","US170280603L","FMC PUERTO RICO","original",1,23,76,1,1,84,"restricted_to_jurisdiction","US940479804","FMC CORP"
59,"SCHATTI BULGARIA EOOD",23448933,"n","BG131462461","FMC AGRO BULGARIA EOOD","original",1,24,70,1,1,83,"restricted_to_jurisdiction","US940479804","FMC CORP"
318,"SE2 International LLC",111813780,"n","US319116437L","FMC INTERNATIONAL LLC","original",1,11,81,1,1,70,"restricted_to_jurisdiction","US940479804","FMC CORP"
373,"SEABOARD INTERNATIONAL INC",2918663,"n","US128916769L","REYNOLDS INTERNATIONAL INC","original",4,10,81,1,1,69,"restricted_to_jurisdiction","US811789115","ALCOA CORPORATION"
376,"SERVEND INTERNATIONAL INC",2394680,"n","US128916769L","REYNOLDS INTERNATIONAL INC","original",1,10,86,1,1,72,"restricted_to_jurisdiction","US811789115","ALCOA CORPORATION"
357,"SHANGHAI BENXING ELECTRONIC TECHNOLOGY CO LTD",18872898,"n","CN9401044752","SHANGHAI HANGKAI ELECTRONIC TECHNOLOGY CO. , LTD .","original",34,11,82,1,1,61,"restricted_to_jurisdiction","CN*J00S4140","AVICHINA INDUSTRY & TECHNOLOGY COMPANY LIMITED"
358,"SHANGHAI BENXING ELECTRONIC TECHNOLOGY CO LTD",18872898,"n","CN9401044752","SHANGHAI HANGKAI ELECTRONIC TECHNOLOGY CO. , LTD .","original",34,11,82,1,1,61,"restricted_to_jurisdiction","CN*J00S4140","AVICHINA INDUSTRY & TECHNOLOGY COMPANY LIMITED"
359,"SHANGHAI BENXING ELECTRONIC TECHNOLOGY CO LTD",18872898,"n","CN9401044752","SHANGHAI HANGKAI ELECTRONIC TECHNOLOGY CO. , LTD .","original",34,11,82,1,1,61,"restricted_to_jurisdiction","CN*J00S4140","CHINA AVIONICS SYSTEMS CO."
360,"SHANGHAI BENXING ELECTRONIC TECHNOLOGY CO LTD",18872898,"n","CN9401044752","SHANGHAI HANGKAI ELECTRONIC TECHNOLOGY CO. , LTD .","original",34,11,82,1,1,61,"restricted_to_jurisdiction","CN*J00S4140","CHINA AVIONICS SYSTEMS CO."
353,"SHANGHAI HIUV ELECTRONIC TECHNOLOGY CO LTD",17049093,"n","CN9401044752","SHANGHAI HANGKAI ELECTRONIC TECHNOLOGY CO. , LTD .","original",5,11,92,1,1,64,"restricted_to_jurisdiction","CN*J00S4140","AVICHINA INDUSTRY & TECHNOLOGY COMPANY LIMITED"
354,"SHANGHAI HIUV ELECTRONIC TECHNOLOGY CO LTD",17049093,"n","CN9401044752","SHANGHAI HANGKAI ELECTRONIC TECHNOLOGY CO. , LTD .","original",5,11,92,1,1,64,"restricted_to_jurisdiction","CN*J00S4140","AVICHINA INDUSTRY & TECHNOLOGY COMPANY LIMITED"
355,"SHANGHAI HIUV ELECTRONIC TECHNOLOGY CO LTD",17049093,"n","CN9401044752","SHANGHAI HANGKAI ELECTRONIC TECHNOLOGY CO. , LTD .","original",5,11,92,1,1,64,"restricted_to_jurisdiction","CN*J00S4140","CHINA AVIONICS SYSTEMS CO."
356,"SHANGHAI HIUV ELECTRONIC TECHNOLOGY CO LTD",17049093,"n","CN9401044752","SHANGHAI HANGKAI ELECTRONIC TECHNOLOGY CO. , LTD .","original",5,11,92,1,1,64,"restricted_to_jurisdiction","CN*J00S4140","CHINA AVIONICS SYSTEMS CO."
349,"SHANGHAI KUNLIAN ELECTRONIC TECHNOLOGY CO LTD",17893742,"n","CN9401044752","SHANGHAI HANGKAI ELECTRONIC TECHNOLOGY CO. , LTD .","original",2,11,89,1,1,63,"restricted_to_jurisdiction","CN*J00S4140","AVICHINA INDUSTRY & TECHNOLOGY COMPANY LIMITED"
350,"SHANGHAI KUNLIAN ELECTRONIC TECHNOLOGY CO LTD",17893742,"n","CN9401044752","SHANGHAI HANGKAI ELECTRONIC TECHNOLOGY CO. , LTD .","original",2,11,89,1,1,63,"restricted_to_jurisdiction","CN*J00S4140","AVICHINA INDUSTRY & TECHNOLOGY COMPANY LIMITED"
351,"SHANGHAI KUNLIAN ELECTRONIC TECHNOLOGY CO LTD",17893742,"n","CN9401044752","SHANGHAI HANGKAI ELECTRONIC TECHNOLOGY CO. , LTD .","original",2,11,89,1,1,63,"restricted_to_jurisdiction","CN*J00S4140","CHINA AVIONICS SYSTEMS CO."
352,"SHANGHAI KUNLIAN ELECTRONIC TECHNOLOGY CO LTD",17893742,"n","CN9401044752","SHANGHAI HANGKAI ELECTRONIC TECHNOLOGY CO. , LTD .","original",2,11,89,1,1,63,"restricted_to_jurisdiction","CN*J00S4140","CHINA AVIONICS SYSTEMS CO."
173,"SITA SVERIGE AB",1654893,"n","SE5565470258","METABO SVERIGE AB","original",1,17,81,1,1,80,"restricted_to_jurisdiction","JP2120001139864","KOKI HOLDINGS CO."
254,"SK WIEGRINK BETEILIGUNGS GMBH",1831560,"n","DE6070640783","KOKINETICS CZ BETEILIGUNGS GMBH","original",2,14,73,1,1,72,"restricted_to_jurisdiction","CN*J00S4140","AVIC ELECTROMECHANICAL SYSTEMS CO."
255,"SK WIEGRINK BETEILIGUNGS GMBH",1831560,"n","DE6070640783","KOKINETICS CZ BETEILIGUNGS GMBH","original",2,14,73,1,1,72,"restricted_to_jurisdiction","CN*J00S4140","AVIC ELECTROMECHANICAL SYSTEMS CO."
176,"SMARTVENT SVERIGE AB",23434544,"n","SE5565470258","METABO SVERIGE AB","original",3,17,76,1,1,78,"restricted_to_jurisdiction","JP2120001139864","KOKI HOLDINGS CO."
117,"Sonion Nederland, B.V.",106628341,"n","NL18111931","KAWNEER NEDERLAND B.V .","original",1,21,63,1,1,81,"restricted_to_jurisdiction","US811789115","ALCOA CORPORATION"
334,"SPC INTERNATIONAL LLC",21792808,"n","US319116437L","FMC INTERNATIONAL LLC","original",1,11,81,1,1,73,"restricted_to_jurisdiction","US940479804","FMC CORP"
220,"SPRING SWITZERLAND GMBH",4664640,"n","CHCHE282417063","FMC SWITZERLAND GMBH","original",3,15,74,1,1,72,"restricted_to_jurisdiction","US940479804","FMC CORP"
199,"SPRINTEX AUSTRALASIA PTY LTD",252667,"n","AU095326891","FMC AUSTRALASIA PTY LTD","original",3,16,75,1,1,77,"restricted_to_jurisdiction","US940479804","FMC CORP"
333,"SSB INTERNATIONAL LLC",21806011,"n","US319116437L","FMC INTERNATIONAL LLC","original",1,11,81,1,1,71,"restricted_to_jurisdiction","US940479804","FMC CORP"
329,"SSG INTERNATIONAL LLC",22186076,"n","US319116437L","FMC INTERNATIONAL LLC","original",3,11,81,1,1,71,"restricted_to_jurisdiction","US940479804","FMC CORP"
147,"SWM LUXEMBOURG SARL",23596365,"n","LULB189617","FMC LUXEMBOURG SARL","original",2,18,79,1,1,84,"restricted_to_jurisdiction","US940479804","FMC CORP"
252,"T C TOOLS APS",17487928,"n","DK10397677","CARAT TOOLS APS","original",1,14,86,1,1,77,"restricted_to_jurisdiction","JP2120001139864","KOKI HOLDINGS CO."
167,"TAIYUAN AERO INSTR CO LTD",7522539,"x","CN9360475892","TAIYUAN AERO-INSTRUMENTS CO. , LTD .","original",52,17,89,1,1,62,"restricted_to_jurisdiction","CN*J00S4140","AVICHINA INDUSTRY & TECHNOLOGY COMPANY LIMITED"
168,"TAIYUAN AERO INSTR CO LTD",7522539,"x","CN9360475892","TAIYUAN AERO-INSTRUMENTS CO. , LTD .","original",52,17,89,1,1,62,"restricted_to_jurisdiction","CN*J00S4140","AVICHINA INDUSTRY & TECHNOLOGY COMPANY LIMITED"
169,"TAIYUAN AERO INSTR CO LTD",7522539,"x","CN9360475892","TAIYUAN AERO-INSTRUMENTS CO. , LTD .","original",52,17,89,1,1,62,"restricted_to_jurisdiction","CN*J00S4140","CHINA AVIONICS SYSTEMS CO."
321,"THC INTERNATIONAL LLC",3149202,"n","US319116437L","FMC INTERNATIONAL LLC","original",1,11,81,1,1,71,"restricted_to_jurisdiction","US940479804","FMC CORP"
366,"TIBA AUSTRIA GMBH",2064750,"n","AT9130079835","METABO AUSTRIA GESMBH","original",4,10,79,1,1,69,"restricted_to_jurisdiction","JP2120001139864","KOKI HOLDINGS CO."
188,"TMS INDIA PRIVATE LTD",1793621,"n","IN0002900316","FMC INDIA PRIVATE LIMITED","original",2,16,74,1,1,81,"restricted_to_jurisdiction","US940479804","FMC CORP"
303,"TRION PHARMA GMBH",295931,"n","DE2150198453","ORION PHARMA GMBH","original",8,12,65,1,1,69,"restricted_to_jurisdiction","FI19992126","ORION OYJ"
215,"TWO I SVERIGE AB",14560696,"n","SE5565470258","METABO SVERIGE AB","original",1,16,67,1,1,76,"restricted_to_jurisdiction","JP2120001139864","KOKI HOLDINGS CO."
257,"UCB Industries, LLC",148453692,"n","US228178586L","FMC INDUSTRIES LLC","original",3,14,78,1,1,76,"restricted_to_jurisdiction","US940479804","FMC CORP"
76,"UNIV OF PUERTO RICO",23908145,"n","US170280603L","FMC PUERTO RICO","original",1,23,76,1,1,85,"restricted_to_jurisdiction","US940479804","FMC CORP"
50,"UNIV PUERTO RICO",2186021,"n","US170280603L","FMC PUERTO RICO","original",35,25,71,1,1,86,"restricted_to_jurisdiction","US940479804","FMC CORP"
82,"UTAC Hong Kong Limited",148492846,"n","HK0005647873","MERIAL HONG KONG LIMITED","original",1,23,83,1,1,89,"restricted_to_jurisdiction","DE6190007083","C.H. BOEHRINGER SOHN AG & CO. KG"
294,"UV PARTNERS LLC",22679465,"n","US266514512L","FMC PARTNERS LLC","original",1,13,77,1,1,70,"restricted_to_jurisdiction","US940479804","FMC CORP"
263,"VERIS INDUSTRIES LLC",2235765,"n","US202895832L","FMC INDUSTRIES LLC","original",6,14,74,1,1,71,"restricted_to_jurisdiction","US940479804","FMC CORP"
368,"VTA AUSTRIA GMBH",22154490,"n","AT9130079835","METABO AUSTRIA GESMBH","original",1,10,81,1,1,70,"restricted_to_jurisdiction","JP2120001139864","KOKI HOLDINGS CO."
