new_bvd_id	original	name_for_match	doc_std_name_id	doc_std_name	match_type	country	n_patent
IL90008GE	Israel Corporation Limited	ISRAEL	11638941	ISRAEL ELIEZEROV	manual|like_ctry	IL	2
IL90008GE	Israel Corporation Limited	ISRAEL	11628976	ISRAEL FAINMAN	manual|like_ctry	IL	7
IL90008GE	Israel Corporation Limited	ISRAEL	17719462	ISRAEL FERMON	manual|like_ctry	IL	1
IL90008GE	Israel Corporation Limited	ISRAEL	1336621	ISRAEL INST BIOLOG RES	manual|like_ctry	IL	122
IL90008GE	Israel Corporation Limited	ISRAEL	23474623	ISRAEL INST OF BIOLOG RES IIBR	manual|like_ctry	IL	4
IL90008GE	Israel Corporation Limited	ISRAEL	23721111	ISRAEL JARMON	manual|like_ctry	IL	1
IL90008GE	Israel Corporation Limited	ISRAEL	17718963	ISRAEL MARMORSTEIN	manual|like_ctry	IL	1
IL90008GE	Israel Corporation Limited	ISRAEL	22199466	ISRAEL ASSAF ALBERT	manual|like_ctry	IL	1
IL90008GE	Israel Corporation Limited	ISRAEL	198789	ISRAEL ATOMIC ENERGY COMM	manual|like_ctry	IL	336
IL90008GE	Israel Corporation Limited	ISRAEL	17668342	ISRAEL BLAZBERG MIRKIN	manual|like_ctry	IL	4
IL90008GE	Israel Corporation Limited	ISRAEL	16037	ISRAEL AEROSPACE IND LTD	manual|like_ctry	IL	825
IL90008GE	Israel Corporation Limited	ISRAEL	5654709	ISRAEL MINING IND INST FOR RES	manual|like_ctry	IL	139
IL90008GE	Israel Corporation Limited	ISRAEL	17392934	ISRAEL MINISTRY OF FINANCE	manual|like_ctry	IL	2
IL90008GE	Israel Corporation Limited	ISRAEL	294495	ISRAEL OCEANOGRAPHIC AND LIMNO	manual|like_ctry	IL	14
IL90008GE	Israel Corporation Limited	ISRAEL	18428927	ISRAEL OCEANOGRAPHIC AND LIMNOLOGICAL RES LTD	manual|like_ctry	IL	1
IL90008GE	Israel Corporation Limited	ISRAEL	17667988	ISRAEL SORIAN FRIEDMAN	manual|like_ctry	IL	1
IL90008GE	Israel Corporation Limited	ISRAEL	70696	ISRAEL STATE	manual|like_ctry	IL	2191
IL90008GE	Israel Corporation Limited	ISRAEL	18363089	ISRAEL ZEIRA	manual|like_ctry	IL	1
IT01469680175	Lonati S.P.A.	LONATI	4511740	LONATI ELENA	magerman|like_ctry	IT	5
DE8130069404	Bauer Aktiengesellschaft	BAUER	4646964	BAUER EUGEN GMBH	magerman|like_ctry	DE	1077
DE7290139996	Hager SE	HAGER	1144811	HAGER & ELSAESSER	magerman|like_ctry	DE	159
DEFEI1008276	Versorgungskasse Gothaer Versicherungsbank VVaG	GOTHAER	5976550	GOTHAER WAGGONFABRIK AG	manual|like_ctry	DE	105
FI10041295	Bittium OYJ	ELEKTROBIT	51751	ELEKTROBIT SYSTEM TEST OY	manual|like_ctry	FI	105
IL90008GE	Israel Corporation Limited	ISRAEL	624450	ISRAEL MILITARY IND	manual|like_ctry	IL	145
GB01602662	Microgen PLC	MICROGEN	95182	MICROGEN ENERGY LTD	manual|like_ctry	GB	318
DE6090002991	Eckart GmbH	ECKART	23750404	ECKART UWE	magerman|like_ctry	DE	1
DE6090002991	Eckart GmbH	ECKART	495226	ECKART STANDARD BRONZEPULVER	magerman|like_ctry	DE	160
CHCHE109107774	Bobst Group SA	BOBST	2796862	BOBST FILS SA J	magerman|like_ctry	CH	1001
AT9110044169	HTM Sport GmbH	HEAD	26618	HEAD TECHNOLOGY GMBH	manual|like_ctry	AT	213
AT9110044169	HTM Sport GmbH	HEAD	931222	HEAD TECHNOLOGY GMBH LTD	manual|like_ctry	AT	11
AT9110026043	Wienerberger AG	WIENERBERGER	3193826	WIENERBERGER BAUSTOFFIND AG	magerman|like_ctry	AT	168
DE5110401537	ifm stiftung & co. kg	IFM	18458216	IFM INST FUER MUSIKINSTRUMENTENBAU E V	magerman|like_ctry	DE	1
DE5110401537	ifm stiftung & co. kg	IFM	19047993	IFM GEOMAR LEIBNIZ INST FUER MEERESWISSENSCHAFTEN AN DER UNI KIEL	magerman|like_ctry	DE	1
DE5330000056	Bayer AG	BAYER	23348242	BAYER HARTMUT	magerman|like_ctry	DE	3
DE5330000056	Bayer AG	BAYER	19893805	BAYER TINA	magerman|like_ctry	DE	1
DE5330000056	Bayer AG	BAYER	93720	BAYER ULRICH	magerman|like_ctry	DE	30
DE6190012559	Boehringer Ingelheim International GmbH	BOEHRINGER	9860727	BOEHRINGER ALEXANDER	manual|like_ctry	DE	1
DE8090000072	Brose Fahrzeugteile GmbH & Co. Kommanditgesellschaft, Coburg	BROSE	9865845	BROSE UWE	manual|like_ctry	DE	1
DE4130048617	Claas Kgaa MBH	CLAAS	9611957	CLAAS MANFRED	manual|like_ctry	DE	1
DE8190001480	DEHN + SOEHNE GmbH + Co.KG.	DEHN	9691502	DEHN HANNE	manual|like_ctry	DE	1
DE7330266264	Durr AG	DURR	22071566	DíìRR LOTHAR	magerman|like_ctry	DE	1
DE7330266264	Durr AG	DURR	22969991	DíìRR LAURA	magerman|like_ctry	DE	2
DE7230334918	fischer holding GmbH & Co.KG	FISCHER	56146	FISCHER AXEL	magerman|like_ctry	DE	74
DE7230334918	fischer holding GmbH & Co.KG	FISCHER	8916202	FISCHER HANS-HERMANN	magerman|like_ctry	DE	2
DE2050031742	Focke & Co. (GmbH & Co. KG)	FOCKE	18686126	FOCKE OLENA	magerman|like_ctry	DE	1
DE8190532409	Gebhardt Holding GmbH	GEBHARDT	18959314	GEBHARDT CARSTEN	magerman|like_ctry	DE	1
DE8190532409	Gebhardt Holding GmbH	GEBHARDT	23830163	GEBHARDT MARIT	magerman|like_ctry	DE	1
DE7270009688	Guehring KG	GíìHRING	23791664	GíìHRING THORSTEN	manual|like_ctry	DE	1
DE4250004169	Hengst SE & Co. KG	HENGST	19196011	HENGST HARALD	magerman|like_ctry	DE	1
DE5050001329	Henkel AG & CO. Kgaa	HENKEL	17602003	HENKEL MEINOLF	magerman|like_ctry	DE	1
DE4170005010	Hettich Holding GmbH & Co. oHG	HETTICH	17490262	HETTICH FRIEDERIKE	magerman|like_ctry	DE	1
DE8250333328	Hoermann Holding GmbH & Co.KG	HOERMANN	9685001	HOERMANN ALWIN	magerman|like_ctry	DE	1
DE8250333328	Hoermann Holding GmbH & Co.KG	HOERMANN	21887113	HOERMANN BJOERN	magerman|like_ctry	DE	1
DE8250333328	Hoermann Holding GmbH & Co.KG	HOERMANN	23710723	HOERMANN DIETER	magerman|like_ctry	DE	2
DE8190458455	INA-Holding Schaeffler GmbH & Co. KG	SCHAEFFLER	9866210	SCHAEFFLER FLORIAN	manual|like_ctry	DE	4
DE8190458455	INA-Holding Schaeffler GmbH & Co. KG	SCHAEFFLER	9696717	SCHAEFFLER JOHANN	manual|like_ctry	DE	3
DE5330169218	Joh. Vaillant GmbH & Co. KG	VAILLANT	17376089	VAILLANT CHRISTOPHE	manual|like_ctry	DE	1
DE2150637488	Koerber AG	KOERBER	9681330	KOERBER WILFRIED	magerman|like_ctry	DE	1
DE5190003917	Krueger GmbH & Co. Kommanditgesellschaft	KRUEGER	16976702	KRUEGER NICO	manual|like_ctry	DE	2
DE5190003917	Krueger GmbH & Co. Kommanditgesellschaft	KRUEGER	17376103	KRUEGER SYBILLE	manual|like_ctry	DE	1
DE5190003917	Krueger GmbH & Co. Kommanditgesellschaft	KRUEGER	18929525	KRUEGER GABOR	manual|like_ctry	DE	1
DE5190003917	Krueger GmbH & Co. Kommanditgesellschaft	KRíìGER	22105622	KRUGER GEORG WERNER	manual2|like_ctry	DE	2
DE5190003917	Krueger GmbH & Co. Kommanditgesellschaft	KRíìGER	22347846	KRíìGER WILK	manual2|like_ctry	DE	1
DE5190003917	Krueger GmbH & Co. Kommanditgesellschaft	KRíìGER	22397772	KRíìGER ERNST	manual2|like_ctry	DE	1
DE5190003917	Krueger GmbH & Co. Kommanditgesellschaft	KRíìGER	23260453	KRíìGER STEFFEN	manual2|like_ctry	DE	1
DE5190003917	Krueger GmbH & Co. Kommanditgesellschaft	KRíìGER	23578237	KRíìGER DIETER	manual2|like_ctry	DE	1
DE5190003917	Krueger GmbH & Co. Kommanditgesellschaft	KRUEGER	9686274	KRUEGER FOLKERT	manual|like_ctry	DE	1
DE5190003917	Krueger GmbH & Co. Kommanditgesellschaft	KRUEGER	9687552	KRUEGER OSKAR GERHARD	manual|like_ctry	DE	3
DE5190003917	Krueger GmbH & Co. Kommanditgesellschaft	KRUEGER	9826505	KRUEGER SCHEBESTA MARGITT	manual|like_ctry	DE	1
DE8230276888	Muhlbauer Holding AG	MUHLBAUER	23560876	MíìHLBAUER LUKAS	magerman|like_ctry	DE	1
DE2150026987	OTTO Aktiengesellschaft fuer Beteiligungen	OTTO	17449472	OTTO VON GUERICKE UNI MEDIZINI	manual|like_ctry	DE	1
DE2150026987	OTTO Aktiengesellschaft fuer Beteiligungen	OTTO	22481871	OTTO VON GUERICKE UNIVERSITí‹T	manual|like_ctry	DE	1
DE2150026987	OTTO Aktiengesellschaft fuer Beteiligungen	OTTO	21566757	OTTO VON GUERICKE UNIVERSITí‹T MAGDEBURG	manual|like_ctry	DE	40
DE2150026987	OTTO Aktiengesellschaft fuer Beteiligungen	OTTO	22855131	OTTO VON GUERICKE UNIVERSITí‹T MAGDEBURG F	manual|like_ctry	DE	1
DE2150026987	OTTO Aktiengesellschaft fuer Beteiligungen	OTTO	21897831	OTTO VON GUERICKE UNIVERSITí‹T MAGDEBURG MEDIZINISCHE FAKULTí‹T	manual|like_ctry	DE	4
DE2150026987	OTTO Aktiengesellschaft fuer Beteiligungen	OTTO	22398769	OTTO VON GUERICKE UNIVERSITí‹T MAGDEBURG TECHNOLOGIE TRANSFER ZENTRUM	manual|like_ctry	DE	5
DE2150026987	OTTO Aktiengesellschaft fuer Beteiligungen	OTTO	23134526	OTTO VON GUERICKE UNIVERSITí‹T MEDIZINISCHE FAKULTí‹T	manual|like_ctry	DE	2
DE2150026987	OTTO Aktiengesellschaft fuer Beteiligungen	OTTO	23849400	OTTO VON GUERICKE UNIVERSITY	manual|like_ctry	DE	2
DE8190397513	PCF GmbH	PFLEIDERER	6573288	PFLEIDERER FOUNDATION AND CONS	manual|like_ctry	DE	1
DE8250097017	Rosenberger Hochfrequenztechnik GmbH & Co. KG	ROSENBERGER	9857316	ROSENBERGER HEIKO	manual|like_ctry	DE	1
DE8250019272	Schletter GmbH	SCHLETTER	9862988	SCHLETTER GEROLD	magerman|like_ctry	DE	1
DE8190295867	Schramm GmbH	SCHRAMM	21108951	SCHRAMM SEBASTIAN	magerman|like_ctry	DE	2
DE2010000581	Siemens AG	SIEMENS	9866468	SIEMENS JOHANNES	magerman|like_ctry	DE	1
DE2190004116	TUI AG	TUI	9610714	TUI TECH UNI ILMENAU	magerman|like_ctry	DE	1
DE8210002662	Vetter Pharma-Fertigung GmbH & Co. KG	VETTER	9863757	VETTER OLAF	manual|like_ctry	DE	1
FR333784262	E S I France	E S	10323566	E S M P	magerman|like_ctry	FR	1
FR552081317	Electricite De France SA	ELECTRICITE	5359415	ELECTRICITE	magerman|exact	FR	47
FR552081317	Electricite De France SA	ELECTRICITE	10341011	ELECTRICITE DE MARSEILLE SA	magerman|like_ctry	FR	2
FR552081317	Electricite De France SA	ELECTRICITE	519180	ELECTRICITE DE STRASBOURG SA	magerman|like_ctry	FR	8
FR552081317	Electricite De France SA	ELECTRICITE	10332590	ELECTRICITE ET DE MATERIELS AU	magerman|like_ctry	FR	1
FR552081317	Electricite De France SA	ELECTRICITE	10320758	ELECTRICITE GENERALE DIAS PIRE	magerman|like_ctry	FR	1
FR552081317	Electricite De France SA	ELECTRICITE	10318211	ELECTRICITE IND ET DOMESTIQUE	magerman|like_ctry	FR	14
FR441639465	Renault	Renault	10314007	RENAULT EQUIPEMENTS ESQUESTRES	original|like_ctry	FR	1
GBFC008870	Air New Zealand Limited	AIR	1074631	AIR NEW ZEALAND LTD	magerman|like_ctry	NZ	117
GBFC008870	Air New Zealand Limited	AIR	13819731	AIR LOGISTICS NZ LTD	magerman|like_ctry	NZ	3
GBFC008870	Air New Zealand Limited	AIR	18252803	AIR NEW ZEALAND	magerman|like_ctry	NZ	5
GB01471939	Christie Group PLC	CHRISTIE	19976469	CHRISTIE HOSPITAL NHS FOUNDATION TRUST	magerman|like_ctry	GB	3
GB01471939	Christie Group PLC	CHRISTIE	19993391	CHRISTIE MILLER IAN RUSSELL	magerman|like_ctry	GB	8
TR151889F	Deger Ticaret Arcelik Bayii Hayrettin Deger VE Ortaklari	ARCELIK	111299515	Arcelik Anonim Sarketi	manual|like_ctry	TR	1
TR151889F	Deger Ticaret Arcelik Bayii Hayrettin Deger VE Ortaklari	ARCELIK	17884253	ARCELIK LG KLIMA A S	manual|like_ctry	TR	1
TR151889F	Deger Ticaret Arcelik Bayii Hayrettin Deger VE Ortaklari	ARCELIK	17884440	ARCELIK LG KLIMA ANONIM SIRKET	manual|like_ctry	TR	6
TR151889F	Deger Ticaret Arcelik Bayii Hayrettin Deger VE Ortaklari	ARCELIK	17887512	ARCELIK LG KLIMA SANAYI VE TIC	manual|like_ctry	TR	7
TR151889F	Deger Ticaret Arcelik Bayii Hayrettin Deger VE Ortaklari	ARCELIK	18463989	ARCELIK LG KLIMA SANAYI TICARET A S	manual|like_ctry	TR	3
TR151889F	Deger Ticaret Arcelik Bayii Hayrettin Deger VE Ortaklari	ARCELIK	18464611	ARCELIK LG KLIMA SANAYL VE TICARET ANONIM SIRKETI	manual|like_ctry	TR	1
TR151889F	Deger Ticaret Arcelik Bayii Hayrettin Deger VE Ortaklari	ARCELIK	18464615	ARCELIK LG KLIMA SANVE TIC A S	manual|like_ctry	TR	1
TR151889F	Deger Ticaret Arcelik Bayii Hayrettin Deger VE Ortaklari	ARCELIK	18465456	ARCELIK LG KLIMA SANAYI VE TICARET ANONIM SIRKETI	manual|like_ctry	TR	29
TR151889F	Deger Ticaret Arcelik Bayii Hayrettin Deger VE Ortaklari	ARCELIK	21491016	ARíˆELIK ANONIM SIRKETI	manual|like_ctry	TR	1617
TR151889F	Deger Ticaret Arcelik Bayii Hayrettin Deger VE Ortaklari	ARCELIK	23200678	ARíˆELÛÁK ANONÛÁM _ÛÁRKETÛÁ	manual|like_ctry	TR	12
TR151889F	Deger Ticaret Arcelik Bayii Hayrettin Deger VE Ortaklari	ARCELIK	23200680	ARCELIK ANONIM _IRKETI	manual|like_ctry	TR	1
TR151889F	Deger Ticaret Arcelik Bayii Hayrettin Deger VE Ortaklari	ARCELIK	23729401	ARíˆELIK ANONIM _IRKETI	manual|like_ctry	TR	4
TR151889F	Deger Ticaret Arcelik Bayii Hayrettin Deger VE Ortaklari	ARCELIK	23729404	ARCELÛÁK ANONÛÁM SÛÁRKETÛÁ	manual|like_ctry	TR	2
TR151889F	Deger Ticaret Arcelik Bayii Hayrettin Deger VE Ortaklari	ARCELIK	2393	ARCELIK AS	manual|like_ctry	TR	4686
TRFEB58521	Koc Holding A.S.	KOC	19182385	KOC UENIVERSITESI	magerman|like_ctry	TR	3
TRFEB58521	Koc Holding A.S.	KOC	21818523	KOC UNIVERSITY	magerman|like_ctry	TR	6
TRFEB58521	Koc Holding A.S.	KOC	23434362	KOíˆ íìNIVERSITESI	magerman|like_ctry	TR	7
TRFEB58521	Koc Holding A.S.	KOC	23841516	KOC UNIV	magerman|like_ctry	TR	10
TRFEB58521	Koc Holding A.S.	KOC	4294415	KOC UNIVERSITESI	magerman|like_ctry	TR	91
US360698440	Abbott Laboratories	ABBOTT	139541681	ABBOTT W.T. D.	manual|like_ctry	US	1
US140462060	Albany International Corp	ALBANY	245076	ALBANY COLLEGE OF PHARMACY AND HEALTH SCIENCES	manual|like_ctry	US	8
US140462060	Albany International Corp	ALBANY	308617	ALBANY COLLEGE OF PHARMACY	manual|like_ctry	US	22
US140462060	Albany International Corp	ALBANY	778372	ALBANY MEDICAL COLLEGE	manual|like_ctry	US	151
US149204778L	Ashland LLC	ASHLAND	3912640	ASHLAND SCHOOL OF ENVIRONMENTA	magerman|like_ctry	US	3
US350160610	Ball Corp	BALL	2795594	BALL STATE UNIVERSITY	magerman|like_ctry	US	7
US560906609	Bank of America Corporation	BANK	22693165	BANK DARYL	magerman|like_ctry	US	2
US560906609	Bank of America Corporation	BANK	138364796	BANK LAWRENCE C.	magerman|like_ctry	US	1
US560906609	Bank of America Corporation	BANK	22197671	BANK ROGER C	magerman|like_ctry	US	2
US060247840	Barnes Group INC	BARNES	105170	BARNES JEWISH HOSPITAL	magerman|like_ctry	US	230
US202714444	Box, Inc.	BOX	22682335	BOX 32598	magerman|like_ctry	US	1
US202714444	Box, Inc.	BOX	4112830	BOX 795 INC	magerman|like_ctry	US	2
US390178960	Brady Corp	BRADY	139013345	BRADY MARTIN	magerman|like_ctry	US	3
US042271897	Cabot Corp	CABOT	4664876	CABOT GODFREY L INC	magerman|like_ctry	US	328
US135909351L	Cook Group INC	COOK	139352752	COOK DANIEL J.	magerman|like_ctry	US	1
US135909351L	Cook Group INC	COOK	15739610	COOK FRANK B	magerman|like_ctry	US	131
US135909351L	Cook Group INC	COOK	15659986	COOK JOHATHAN B	magerman|like_ctry	US	3
US261531856	Dana Incorporated	DANA	23860565	DANA -FARBER CANCER INST INC	manual|like_ctry	US	2
US261531856	Dana Incorporated	DANA	2196138	DANA FABER CANCER INST INC	manual|like_ctry	US	17
US261531856	Dana Incorporated	DANA	3524925	DANA FARBER CANCER INC	manual|like_ctry	US	1
US261531856	Dana Incorporated	DANA	26324	DANA FARBER CANCER INST INC	manual|like_ctry	US	5360
US261531856	Dana Incorporated	DANA	111724130	Dana Farber Cancer Instittute	manual|like_ctry	US	3
US340276860	Harris Corp	HARRIS	2361285	HARRIS BRETT	magerman|like_ctry	US	21
US340276860	Harris Corp	HARRIS	1003922	HARRIS BRUCE	magerman|like_ctry	US	41
US340276860	Harris Corp	HARRIS	3565566	HARRIS COUNTY HOSPITAL DISTR	magerman|like_ctry	US	2
US340276860	Harris Corp	HARRIS	4068753	HARRIS DAVID MONEY	magerman|like_ctry	US	2
US340276860	Harris Corp	HARRIS	3189065	HARRIS FOUNDATION	magerman|like_ctry	US	1
US340276860	Harris Corp	HARRIS	1023431	HARRIS III RALPH NEW	magerman|like_ctry	US	20
US340276860	Harris Corp	HARRIS	3888705	HARRIS LORI B	magerman|like_ctry	US	1
US340276860	Harris Corp	HARRIS	654189	HARRIS STEPHEN	magerman|like_ctry	US	50
US901002689	Knowles Corporation	KNOWLES	21781976	KNOWLES JUSTIN	magerman|like_ctry	US	3
US133386776	Lear Corp	LEAR	2481972	LEAR KEVIN L	magerman|like_ctry	US	27
US120135336L	Rogers Group INC	ROGERS	456395	ROGERS ROBIN D	magerman|like_ctry	US	81
US201920798	Sears Holdings Corporation	SEARS	2001520	SEARS LORI SHANNON	manual2|like_ctry	US	22
